year,value,name,constructor_name
1958,5,Stirling Moss,Vanwall
1958,5,Mike Hawthorn,Ferrari
1958,1,Luigi Musso,Ferrari
1958,0,Graham Hill,Team Lotus
1958,0,Jo Bonnier,Maserati
1958,0,Jack Brabham,Cooper
1958,0,Bruce McLaren,Cooper
1958,0,Phil Hill,Ferrari
1958,0,Masten Gregory,Maserati
1958,0,Maurice Trintignant,Cooper
1958,0,Carel Godin de Beaufort,Porsche
1958,0,Edgar Barth,Porsche
1958,0,Ian Burgess,Cooper
1958,0,Rodger Ward,Lesovsky
1958,0,Wolfgang Seidel,Cooper
1958,0,Roy Salvadori,Cooper
1958,0,Tony Marsh,Cooper
1958,0,Wolfgang von Trips,Ferrari
1958,0,Cliff Allison,Team Lotus
1958,0,Hans Herrmann,Maserati
1958,0,Tony Brooks,Vanwall
1958,0,Olivier Gendebien,Ferrari
1958,0,Giorgio Scarlatti,Maserati
1958,0,Brian Naylor,Cooper
1958,0,Jack Fairman,Connaught
1958,0,Carlos Menditeguy,Maserati
1958,0,Harry Schell,BRM
1958,0,Alan Stacey,Team Lotus
1958,0,Jim Rathmann,Epperly
1958,0,Paul Goldsmith,Kurtis Kraft
1958,0,Johnny Thomson,Kurtis Kraft
1958,0,Eddie Johnson,Kurtis Kraft
1958,0,Bob Veith,Kurtis Kraft
1958,0,Bob Christie,Kurtis Kraft
1958,0,Shorty Templeman,Kurtis Kraft
1958,0,Jimmy Bryan,Epperly
1958,0,Troy Ruttman,Maserati
1958,0,Eddie Sachs,Kuzma
1958,0,Don Freeland,Phillips
1958,0,Tony Bettenhausen,Epperly
1958,0,Anthony Foyt,Kuzma
1958,0,Johnny Boyd,Kurtis Kraft
1958,0,Len Sutton,Kurtis Kraft
1958,0,Dick Rathmann,Watson
1958,0,Dempsey Wilson,Kuzma
1958,0,Ron Flockhart,BRM
1958,0,Giulio Cabianca,Maserati
1958,0,Horace Gould,Maserati
1958,0,Ivor Bueb,Connaught
1958,0,Maria de Filippis,Maserati
1958,0,André Testut,Maserati
1958,0,Jean Behra,BRM
1958,0,Paul Russo,Kurtis Kraft
1958,0,Al Keller,Kurtis Kraft
1958,0,Bill Cheesbourg,Kurtis Kraft
1958,0,Jack Turner,Lesovsky
1958,0,Chuck Weyant,Dunn
1958,0,Jud Larson,Watson
1958,0,Mike Magill,Kurtis Kraft
1958,0,Carroll Shelby,Maserati
1958,0,Juan Fangio,Maserati
1958,0,Paco Godia,Maserati
1958,0,Peter Collins,Ferrari
1958,0,Ken Kavanagh,Maserati
1958,0,Gerino Gerini,Maserati
1958,0,Bruce Kessler,Connaught
1958,0,Paul Emery,Connaught
1958,0,Luigi Piotti,OSCA
1958,0,Bernie Ecclestone,Connaught
1958,0,Luigi Taramazzo,Maserati
1958,0,Louis Chiron,Maserati
1958,0,Stuart Lewis-Evans,Vanwall
1958,0,George Amick,Epperly
1958,0,Jimmy Reece,Watson
1958,0,Johnnie Parsons,Kurtis Kraft
1958,0,Johnnie Tolan,Kuzma
1958,0,Billy Garrett,Kurtis Kraft
1958,0,Ed Elisian,Watson
1958,0,Pat O'Connor,Kurtis Kraft
1958,0,Jerry Unser,Kurtis Kraft
1958,0,Art Bisch,Kuzma
1958,0,Christian Goethals,Cooper
1958,0,Dick Gibson,Cooper
1958,0,Robert La Caze,Cooper
1958,0,André Guelfi,Cooper
1958,0,François Picard,Cooper
1958,0,Tom Bridger,Cooper
1959,9,Jack Brabham,Cooper-Climax
1959,5,Stirling Moss,Cooper-Climax
1959,0,Graham Hill,Team Lotus
1959,0,Jo Bonnier,BRM
1959,0,Pete Lovely,Team Lotus
1959,0,Bruce McLaren,Cooper-Climax
1959,0,Dan Gurney,Ferrari
1959,0,Lucien Bianchi,Cooper-Climax
1959,0,Mike Parkes,Fry
1959,0,Trevor Taylor,Cooper-Climax
1959,0,Phil Hill,Ferrari
1959,0,Innes Ireland,Team Lotus
1959,0,Masten Gregory,Cooper-Climax
1959,0,Maurice Trintignant,Cooper-Climax
1959,0,Carel Godin de Beaufort,Maserati
1959,0,Mário de Araújo Cabral,Cooper-Maserati
1959,0,Ian Burgess,Cooper-Maserati
1959,0,Tim Parnell,Cooper-Climax
1959,0,Rodger Ward,Kurtis Kraft
1959,0,Roy Salvadori,Aston Martin
1959,0,Colin Davis,Cooper-Maserati
1959,0,Keith Greene,Cooper-Climax
1959,0,Wolfgang von Trips,Ferrari
1959,0,Cliff Allison,Ferrari
1959,0,Hans Herrmann,BRM
1959,0,Tony Brooks,Ferrari
1959,0,Henry Taylor,Cooper-Climax
1959,0,Olivier Gendebien,Ferrari
1959,0,Giorgio Scarlatti,Maserati
1959,0,Brian Naylor,JBW
1959,0,Jack Fairman,Cooper-Climax
1959,0,Harry Schell,BRM
1959,0,Alan Stacey,Team Lotus
1959,0,Chris Bristow,Cooper-Borgward
1959,0,Bruce Halford,Team Lotus
1959,0,Jim Rathmann,Watson
1959,0,Paul Goldsmith,Epperly
1959,0,Don Branson,Phillips
1959,0,Johnny Thomson,Lesovsky
1959,0,Eddie Johnson,Kurtis Kraft
1959,0,Bob Veith,Moore
1959,0,Bob Christie,Kurtis Kraft
1959,0,Red Amick,Kurtis Kraft
1959,0,Duane Carter,Kurtis Kraft
1959,0,Gene Hartley,Kuzma
1959,0,Bobby Grim,Kurtis Kraft
1959,0,Jimmy Bryan,Epperly
1959,0,Eddie Sachs,Kuzma
1959,0,Don Freeland,Kurtis Kraft
1959,0,Tony Bettenhausen,Epperly
1959,0,Anthony Foyt,Kuzma
1959,0,Johnny Boyd,Epperly
1959,0,Jim McWithey,Kurtis Kraft
1959,0,Len Sutton,Lesovsky
1959,0,Dick Rathmann,Watson
1959,0,Al Herman,Dunn
1959,0,Mike Taylor,Cooper-Climax
1959,0,Ron Flockhart,BRM
1959,0,David Piper,Team Lotus
1959,0,Giulio Cabianca,Maserati
1959,0,Ivor Bueb,Cooper-Borgward
1959,0,Alain de Changy,Cooper-Climax
1959,0,Maria de Filippis,Porsche
1959,0,Jean Lucienbonnet,Cooper-Climax
1959,0,André Testut,Maserati
1959,0,Jean Behra,Ferrari
1959,0,Paul Russo,Kurtis Kraft
1959,0,Jimmy Daywalt,Kurtis Kraft
1959,0,Chuck Arnold,Kurtis Kraft
1959,0,Al Keller,Kuzma
1959,0,Pat Flaherty,Watson
1959,0,Bill Cheesbourg,Kuzma
1959,0,Ray Crawford,Elder
1959,0,Jack Turner,Christensen
1959,0,Chuck Weyant,Kurtis Kraft
1959,0,Jud Larson,Kurtis Kraft
1959,0,Mike Magill,Sutton
1959,0,Carroll Shelby,Aston Martin
1959,0,Fritz d'Orey,Maserati
1959,0,Azdrubal Fontes,Maserati
1959,0,Peter Ashdown,Cooper-Climax
1959,0,Bill Moss,Cooper-Climax
1959,0,Dennis Taylor,Team Lotus
1959,0,Harry Blanchard,Porsche
1959,0,Alessandro de Tomaso,Cooper-OSCA
1959,0,George Constantine,Cooper-Borgward
1959,0,Bob Said,Connaught
1959,0,Phil Cade,Maserati
1960,14,Jack Brabham,Cooper-Climax
1960,5,Bruce McLaren,Cooper-Climax
1960,5,Stirling Moss,Team Lotus
1960,0,Graham Hill,BRM
1960,0,John Surtees,Team Lotus
1960,0,Jo Bonnier,BRM
1960,0,Pete Lovely,Cooper-Castellotti
1960,0,Dan Gurney,BRM
1960,0,Jim Clark,Team Lotus
1960,0,Lucien Bianchi,Cooper-Climax
1960,0,Richie Ginther,Ferrari
1960,0,Vic Wilson,Cooper-Climax
1960,0,Phil Hill,Ferrari
1960,0,Innes Ireland,Team Lotus
1960,0,Masten Gregory,Cooper-Maserati
1960,0,Maurice Trintignant,Cooper-Maserati
1960,0,Carel Godin de Beaufort,Cooper-Climax
1960,0,Edgar Barth,Porsche
1960,0,Mário de Araújo Cabral,Cooper-Maserati
1960,0,Willy Mairesse,Ferrari
1960,0,Ian Burgess,Cooper-Maserati
1960,0,Nasif Estéfano,Maserati
1960,0,Jim Hall,Team Lotus
1960,0,Rodger Ward,Watson
1960,0,Wolfgang Seidel,Cooper-Climax
1960,0,Roy Salvadori,Aston Martin
1960,0,Keith Greene,Cooper-Maserati
1960,0,Wolfgang von Trips,Ferrari
1960,0,Cliff Allison,Ferrari
1960,0,Hans Herrmann,Porsche
1960,0,Tony Brooks,Cooper-Climax
1960,0,Henry Taylor,Cooper-Climax
1960,0,Olivier Gendebien,Cooper-Climax
1960,0,Giorgio Scarlatti,Cooper-Castellotti
1960,0,Brian Naylor,JBW
1960,0,Jack Fairman,Cooper-Climax
1960,0,Alfonso Thiele,Cooper-Maserati
1960,0,Lloyd Ruby,Watson
1960,0,Carlos Menditeguy,Cooper-Maserati
1960,0,Alberto Rodriguez Larreta,Team Lotus
1960,0,José Froilán González,Ferrari
1960,0,Roberto Bonomi,Cooper-Maserati
1960,0,Gino Munaron,Cooper-Castellotti
1960,0,Harry Schell,Cooper-Climax
1960,0,Alan Stacey,Team Lotus
1960,0,Ettore Chimeri,Maserati
1960,0,Antonio Creus,Maserati
1960,0,Chris Bristow,Cooper-Climax
1960,0,Bruce Halford,Cooper-Climax
1960,0,Chuck Daigh,Scarab
1960,0,Lance Reventlow,Scarab
1960,0,Jim Rathmann,Watson
1960,0,Paul Goldsmith,Epperly
1960,0,Don Branson,Phillips
1960,0,Johnny Thomson,Lesovsky
1960,0,Eddie Johnson,Trevis
1960,0,Bob Veith,Meskowski
1960,0,Bud Tingelstad,Trevis
1960,0,Bob Christie,Kurtis Kraft
1960,0,Red Amick,Epperly
1960,0,Duane Carter,Kuzma
1960,0,Bill Homeier,Kuzma
1960,0,Gene Hartley,Kurtis Kraft
1960,0,Chuck Stevenson,Watson
1960,0,Bobby Grim,Meskowski
1960,0,Shorty Templeman,Kurtis Kraft
1960,0,Jim Hurtubise,Christensen
1960,0,Jimmy Bryan,Epperly
1960,0,Troy Ruttman,Watson
1960,0,Eddie Sachs,Ewing
1960,0,Don Freeland,Kurtis Kraft
1960,0,Tony Bettenhausen,Watson
1960,0,Wayne Weiler,Epperly
1960,0,Anthony Foyt,Kurtis Kraft
1960,0,Eddie Russo,Kurtis Kraft
1960,0,Johnny Boyd,Epperly
1960,0,Gene Force,Kurtis Kraft
1960,0,Jim McWithey,Epperly
1960,0,Len Sutton,Watson
1960,0,Dick Rathmann,Watson
1960,0,Al Herman,Ewing
1960,0,Dempsey Wilson,Kurtis Kraft
1960,0,Mike Taylor,Team Lotus
1960,0,Ron Flockhart,Cooper-Climax
1960,0,David Piper,Team Lotus
1960,0,Giulio Cabianca,Cooper-Castellotti
1960,0,Piero Drogo,Cooper-Climax
1960,0,Fred Gamble,Behra-Porsche
1960,0,Arthur Owen,Cooper-Climax
1960,0,Horace Gould,Maserati
1960,0,Bob Drake,Maserati
1961,14,Jack Brabham,Cooper-Climax
1961,7,Stirling Moss,Lotus-Climax
1961,5,Bruce McLaren,Cooper-Climax
1961,4,Phil Hill,Ferrari
1961,2,Wolfgang von Trips,Ferrari
1961,0,Graham Hill,BRM
1961,0,John Surtees,Cooper-Climax
1961,0,Jo Bonnier,Porsche
1961,0,Dan Gurney,Porsche
1961,0,Jim Clark,Lotus-Climax
1961,0,Lucien Bianchi,Lotus-Climax
1961,0,Lorenzo Bandini,Cooper-Maserati
1961,0,Richie Ginther,Ferrari
1961,0,Giancarlo Baghetti,Ferrari
1961,0,Trevor Taylor,Lotus-Climax
1961,0,Innes Ireland,Lotus-Climax
1961,0,Tony Maggs,Lotus-Climax
1961,0,Masten Gregory,Cooper-Climax
1961,0,Roberto Bussinello,De Tomaso-Alfa Romeo
1961,0,Nino Vaccarella,De Tomaso-Alfa Romeo
1961,0,Maurice Trintignant,Cooper-Maserati
1961,0,Bernard Collomb,Cooper-Climax
1961,0,André Pilette,Emeryson
1961,0,Carel Godin de Beaufort,Porsche
1961,0,Edgar Barth,Porsche
1961,0,Walt Hansgen,Cooper-Climax
1961,0,Hap Sharp,Cooper-Climax
1961,0,Willy Mairesse,Lotus-Climax
1961,0,John Campbell-Jones,Cooper-Climax
1961,0,Ian Burgess,Lotus-Climax
1961,0,Jim Hall,Lotus-Climax
1961,0,Tim Parnell,Lotus-Climax
1961,0,Roberto Lippi,De Tomaso-Osca
1961,0,Gaetano Starrabba,Lotus-Maserati
1961,0,Jackie Lewis,Cooper-Climax
1961,0,Ricardo Rodríguez,Ferrari
1961,0,Wolfgang Seidel,Lotus-Climax
1961,0,Roy Salvadori,Cooper-Climax
1961,0,Tony Marsh,Lotus-Climax
1961,0,Gerry Ashmore,Lotus-Climax
1961,0,Keith Greene,Gilby
1961,0,Ernesto Prinoth,Lotus-Climax
1961,0,Roger Penske,Cooper-Climax
1961,0,Cliff Allison,Lotus-Climax
1961,0,Hans Herrmann,Porsche
1961,0,Tony Brooks,BRM
1961,0,Michael May,Lotus-Climax
1961,0,Henry Taylor,Lotus-Climax
1961,0,Olivier Gendebien,Emeryson
1961,0,Giorgio Scarlatti,De Tomaso-Osca
1961,0,Brian Naylor,JBW
1961,0,Juan Manuel Bordeu,Lotus-Climax
1961,0,Jack Fairman,Cooper-Climax
1961,0,Massimo Natili,Cooper-Maserati
1961,0,Peter Monteverdi,MBM
1961,0,Renato Pirocchi,Cooper-Climax
1961,0,Geoff Duke,Cooper-Climax
1961,0,Alfonso Thiele,Cooper-Climax
1961,0,Menato Boffa,Cooper-Climax
1961,0,Peter Ryan,Lotus-Climax
1961,0,Lloyd Ruby,Lotus-Climax
1961,0,Ken Miles,Lotus-Climax
1962,14,Jack Brabham,Lotus-Climax
1962,9,Graham Hill,BRM
1962,5,Bruce McLaren,Cooper-Climax
1962,4,Phil Hill,Ferrari
1962,0,John Love,Cooper-Climax
1962,0,John Surtees,Lola
1962,0,Jo Siffert,Lotus-BRM
1962,0,Jo Bonnier,Porsche
1962,0,Dan Gurney,Porsche
1962,0,Sam Tingle,Lotus-Climax
1962,0,Jim Clark,Lotus-Climax
1962,0,Lucien Bianchi,ENB
1962,0,Lorenzo Bandini,Ferrari
1962,0,Richie Ginther,BRM
1962,0,Giancarlo Baghetti,Ferrari
1962,0,Peter Arundell,Team Lotus
1962,0,Trevor Taylor,Lotus-Climax
1962,0,Innes Ireland,Lotus-Climax
1962,0,Tony Maggs,Cooper-Climax
1962,0,Neville Lederle,Lotus-Climax
1962,0,Doug Serrurier,LDS
1962,0,Ernie Pieterse,Lotus-Climax
1962,0,Masten Gregory,Lotus-BRM
1962,0,Roberto Bussinello,De Tomaso-Alfa Romeo
1962,0,Nino Vaccarella,Lotus-Climax
1962,0,Maurice Trintignant,Lotus-Climax
1962,0,Bernard Collomb,Cooper-Climax
1962,0,Carel Godin de Beaufort,Porsche
1962,0,Hap Sharp,Cooper-Climax
1962,0,Willy Mairesse,Ferrari
1962,0,John Campbell-Jones,Emeryson
1962,0,Ian Burgess,Cooper-Climax
1962,0,Tony Settember,Emeryson
1962,0,Nasif Estéfano,De Tomaso
1962,0,Jim Hall,Lotus-Climax
1962,0,Kurt Kuhnke,Lotus-Borgward
1962,0,Roberto Lippi,De Tomaso-Osca
1962,0,Günther Seiffert,Lotus-BRM
1962,0,Carlo Abate,Lotus-Climax
1962,0,Jackie Lewis,Cooper-Climax
1962,0,Ricardo Rodríguez,Ferrari
1962,0,Wolfgang Seidel,Lotus-BRM
1962,0,Roy Salvadori,Lola
1962,0,Ben Pon,Porsche
1962,0,Rob Slotemaker,Porsche
1962,0,Tony Marsh,BRM
1962,0,Gerry Ashmore,BRM
1962,0,Heinz Schiller,Lotus-BRM
1962,0,Colin Davis,Porsche
1962,0,Jay Chamberlain,Lotus-Climax
1962,0,Tony Shelly,Lotus-Climax
1962,0,Keith Greene,Gilby
1962,0,Heini Walter,Porsche
1962,0,Ernesto Prinoth,Lotus-Climax
1962,0,Roger Penske,Lotus-Climax
1962,0,Rob Schroeder,Lotus-Climax
1962,0,Timmy Mayer,Cooper-Climax
1962,0,Bruce Johnstone,BRM
1962,0,Mike Harris,Cooper-Alfa Romeo
1962,0,Gary Hocking,Lotus-Climax
1962,0,Syd van der Vyver,Lotus-Climax
1963,14,Jack Brabham,Brabham
1963,10,Graham Hill,BRM
1963,8,Jim Clark,Lotus-Climax
1963,6,Bruce McLaren,Cooper-Climax
1963,4,Phil Hill,ATS
1963,0,Chris Amon,Lola
1963,0,Mike Hailwood,Lola
1963,0,Paddy Driver,Lotus-BRM
1963,0,John Love,Cooper-Climax
1963,0,John Surtees,Ferrari
1963,0,Pedro Rodríguez,Lotus-Climax
1963,0,Jo Siffert,Lotus-BRM
1963,0,Jo Bonnier,Cooper-Climax
1963,0,Peter de Klerk,Alfa Romeo
1963,0,Dan Gurney,Brabham
1963,0,Sam Tingle,LDS
1963,0,Mike Spence,Lotus-Climax
1963,0,Ludovico Scarfiotti,Ferrari
1963,0,Lucien Bianchi,Lola
1963,0,Moisés Solana,BRM
1963,0,Bob Anderson,Lola
1963,0,Lorenzo Bandini,BRM
1963,0,Richie Ginther,BRM
1963,0,Giancarlo Baghetti,ATS
1963,0,Peter Arundell,Lotus-Climax
1963,0,Trevor Taylor,Lotus-Climax
1963,0,Innes Ireland,BRP
1963,0,David Prophet,Brabham
1963,0,Tony Maggs,Cooper-Climax
1963,0,Trevor Blokdyk,Cooper-Maserati
1963,0,Neville Lederle,Lotus-Climax
1963,0,Doug Serrurier,LDS
1963,0,Brausch Niemann,Lotus-Ford
1963,0,Ernie Pieterse,Lotus-Climax
1963,0,Masten Gregory,Lotus-BRM
1963,0,Ian Raby,Gilby
1963,0,Gerhard Mitter,Porsche
1963,0,Maurice Trintignant,BRM
1963,0,Bernard Collomb,Lotus-Climax
1963,0,André Pilette,Lotus-Climax
1963,0,Carel Godin de Beaufort,Porsche
1963,0,Mário de Araújo Cabral,Cooper-Climax
1963,0,Walt Hansgen,Lotus-Climax
1963,0,Hap Sharp,Lotus-BRM
1963,0,Willy Mairesse,Ferrari
1963,0,John Campbell-Jones,Lola
1963,0,Ian Burgess,Scirocco
1963,0,Tony Settember,Scirocco
1963,0,Nasif Estéfano,De Tomaso
1963,0,Jim Hall,Lotus-BRM
1963,0,Tim Parnell,Lotus-Climax
1963,0,Kurt Kuhnke,Lotus-Borgward
1963,0,Ernesto Brambilla,Cooper-Maserati
1963,0,Roberto Lippi,De Tomaso-Ferrari
1963,0,Günther Seiffert,Lotus-BRM
1963,0,Carlo Abate,Porsche
1963,0,Gaetano Starrabba,Lotus-Maserati
1963,0,Peter Broeker,Stebro
1963,0,Rodger Ward,Lotus-BRM
1963,0,Ernie de Vos,Stebro
1963,0,Frank Dochnal,Cooper-Climax
1963,0,Thomas Monarch,Lotus-Climax
1964,15,Graham Hill,BRM
1964,14,Jack Brabham,Brabham-Climax
1964,12,Jim Clark,Lotus-Climax
1964,6,Bruce McLaren,Cooper-Climax
1964,4,Phil Hill,Cooper-Climax
1964,1,John Surtees,Ferrari
1964,0,Chris Amon,Lotus-BRM
1964,0,Mike Hailwood,Lotus-BRM
1964,0,Peter Revson,Lotus-BRM
1964,0,John Love,Cooper-Climax
1964,0,Pedro Rodríguez,Ferrari
1964,0,Jo Siffert,Brabham-BRM
1964,0,Jo Bonnier,Brabham-Climax
1964,0,Jochen Rindt,Brabham-BRM
1964,0,Dan Gurney,Brabham-Climax
1964,0,Richard Attwood,BRM
1964,0,Mike Spence,Lotus-Climax
1964,0,Ludovico Scarfiotti,Ferrari
1964,0,Frank Gardner,Brabham-Ford
1964,0,Moisés Solana,Lotus-Climax
1964,0,Bob Anderson,Brabham-Climax
1964,0,Lorenzo Bandini,Ferrari
1964,0,Richie Ginther,BRM
1964,0,Giancarlo Baghetti,BRM
1964,0,Peter Arundell,Lotus-Climax
1964,0,John Taylor,Cooper-Climax
1964,0,Trevor Taylor,BRP
1964,0,Giacomo Russo,Brabham-BRM
1964,0,Innes Ireland,BRP
1964,0,Ronnie Bucknum,Honda
1964,0,Tony Maggs,BRM
1964,0,Ian Raby,Brabham-BRM
1964,0,Gerhard Mitter,Lotus-Climax
1964,0,Maurice Trintignant,BRM
1964,0,Bernard Collomb,Lotus-BRM
1964,0,André Pilette,Scirocco
1964,0,Carel Godin de Beaufort,Porsche
1964,0,Edgar Barth,Cooper-Climax
1964,0,Mário de Araújo Cabral,Derrington
1964,0,Walt Hansgen,Lotus-Climax
1964,0,Hap Sharp,Brabham-BRM
1965,21,Jim Clark,Lotus-Climax
1965,16,Graham Hill,BRM
1965,14,Jack Brabham,Brabham-Climax
1965,6,Bruce McLaren,Cooper-Climax
1965,1,John Surtees,Ferrari
1965,0,Chris Amon,Lotus-BRM
1965,0,Dave Charlton,Lotus-Ford
1965,0,Denny Hulme,Brabham-Climax
1965,0,Mike Hailwood,Lotus-BRM
1965,0,Jackie Stewart,BRM
1965,0,Jackie Pretorius,LDS-Alfa Romeo
1965,0,John Love,Cooper-Climax
1965,0,Pedro Rodríguez,Ferrari
1965,0,Jo Siffert,Brabham-BRM
1965,0,Jo Bonnier,Brabham-Climax
1965,0,Jochen Rindt,Cooper-Climax
1965,0,Peter de Klerk,Alfa Romeo
1965,0,Dan Gurney,Brabham-Climax
1965,0,Sam Tingle,LDS-Alfa Romeo
1965,0,Richard Attwood,Lotus-BRM
1965,0,Mike Spence,Lotus-Climax
1965,0,Ludovico Scarfiotti,Ferrari
1965,0,Lucien Bianchi,BRM
1965,0,Frank Gardner,Brabham-BRM
1965,0,Moisés Solana,Lotus-Climax
1965,0,Bob Anderson,Brabham-Climax
1965,0,Lorenzo Bandini,Ferrari
1965,0,Richie Ginther,Honda
1965,0,Giancarlo Baghetti,Brabham-Climax
1965,0,Bob Bondurant,Ferrari
1965,0,Giacomo Russo,Lotus-Climax
1965,0,Innes Ireland,Lotus-BRM
1965,0,Ronnie Bucknum,Honda
1965,0,Paul Hawkins,Lotus-Climax
1965,0,David Prophet,Brabham-Ford
1965,0,Tony Maggs,Lotus-BRM
1965,0,Trevor Blokdyk,Cooper-Ford
1965,0,Neville Lederle,Lotus-Climax
1965,0,Doug Serrurier,LDS-Climax
1965,0,Brausch Niemann,Lotus-Ford
1965,0,Ernie Pieterse,Lotus-Climax
1965,0,Clive Puzey,Lotus-Climax
1965,0,Ray Reed,RE
1965,0,David Clapham,Cooper-Maserati
1965,0,Alex Blignaut,Cooper-Climax
1965,0,Masten Gregory,BRM
1965,0,John Rhodes,Cooper-Climax
1965,0,Ian Raby,Brabham-BRM
1965,0,Alan Rollinson,Cooper-Ford
1965,0,Brian Gubby,Lotus-Climax
1965,0,Gerhard Mitter,Lotus-Climax
1965,0,Roberto Bussinello,BRM
1965,0,Nino Vaccarella,Ferrari
1965,0,Giorgio Bassi,BRM
1966,21,Jack Brabham,Brabham-Repco
1966,21,Jim Clark,Lotus-Climax
1966,16,Graham Hill,BRM
1966,6,Bruce McLaren,McLaren-Ford
1966,4,Phil Hill,Eagle-Climax
1966,1,Jackie Stewart,BRM
1966,1,John Surtees,Cooper-Maserati
1966,1,Lorenzo Bandini,Ferrari
1966,0,Chris Amon,Brabham-BRM
1966,0,Denny Hulme,Brabham-Repco
1966,0,Pedro Rodríguez,Lotus-BRM
1966,0,Jo Siffert,Cooper-Maserati
1966,0,Jo Bonnier,Cooper-Maserati
1966,0,Jochen Rindt,Cooper-Maserati
1966,0,Dan Gurney,Eagle-Climax
1966,0,Mike Spence,Lotus-BRM
1966,0,Ludovico Scarfiotti,Ferrari
1966,0,Moisés Solana,Cooper-Maserati
1966,0,Bob Anderson,Brabham-Climax
1966,0,Richie Ginther,Honda
1966,0,Mike Parkes,Ferrari
1966,0,Chris Irwin,Brabham-Climax
1966,0,Guy Ligier,Cooper-Maserati
1966,0,Giancarlo Baghetti,Ferrari
1966,0,Bob Bondurant,BRM
1966,0,Peter Arundell,Lotus-BRM
1966,0,Vic Wilson,BRM
1966,0,John Taylor,Brabham-BRM
1966,0,Chris Lawrence,Cooper-Ferrari
1966,0,Trevor Taylor,Shannon
1966,0,Giacomo Russo,Lotus-Climax
1966,0,Innes Ireland,BRM
1966,0,Ronnie Bucknum,Honda
1967,21,Jack Brabham,Brabham-Repco
1967,21,Jim Clark,Lotus-Ford
1967,16,Graham Hill,Lotus-Ford
1967,10,Denny Hulme,Brabham-Repco
1967,6,Bruce McLaren,McLaren-BRM
1967,1,Jackie Stewart,BRM
1967,1,John Surtees,Honda
1967,1,Pedro Rodríguez,Cooper-Maserati
1967,1,Lorenzo Bandini,Ferrari
1967,0,Jacky Ickx,Cooper-Maserati
1967,0,Jackie Oliver,Lotus-Ford
1967,0,Chris Amon,Ferrari
1967,0,Dave Charlton,Brabham-Climax
1967,0,Jean-Pierre Beltoise,McLaren-Ford
1967,0,David Hobbs,BRM
1967,0,Eppie Wietzes,Lotus-Ford
1967,0,John Love,Cooper-Climax
1967,0,Jo Siffert,Cooper-Maserati
1967,0,Jo Bonnier,Cooper-Maserati
1967,0,Silvio Moser,Cooper-ATS
1967,0,Jochen Rindt,Cooper-Maserati
1967,0,Johnny Servoz-Gavin,Matra
1967,0,Piers Courage,BRM
1967,0,Dan Gurney,Eagle-Weslake
1967,0,Hubert Hahne,Lola
1967,0,Sam Tingle,LDS-Climax
1967,0,Richard Attwood,Cooper-Maserati
1967,0,Al Pease,Eagle-Climax
1967,0,Mike Spence,BRM
1967,0,Ludovico Scarfiotti,Ferrari
1967,0,Jo Schlesser,Matra
1967,0,Kurt Ahrens,Protos
1967,0,Moisés Solana,Lotus-BRM
1967,0,Bob Anderson,Brabham-Climax
1967,0,Luki Botha,Brabham-Climax
1967,0,Richie Ginther,Eagle-Climax
1967,0,Mike Parkes,Ferrari
1967,0,Chris Irwin,BRM
1967,0,Guy Ligier,Brabham-Repco
1967,0,Alan Rees,Brabham-Ford
1967,0,Brian Hart,Protos
1967,0,Mike Fisher,Lotus-BRM
1967,0,Tom Jones,Cooper-Climax
1967,0,Giancarlo Baghetti,Lotus-Ford
1967,0,Jonathan Williams,Ferrari
1968,27,Graham Hill,Lotus-Ford
1968,22,Jim Clark,Lotus-Ford
1968,21,Jack Brabham,Brabham-Repco
1968,10,Denny Hulme,McLaren-Ford
1968,6,Bruce McLaren,McLaren-Ford
1968,1,Jackie Stewart,Matra-Ford
1968,1,John Surtees,Honda
1968,1,Pedro Rodríguez,BRM
1968,0,Mario Andretti,Lotus-Ford
1968,0,Jacky Ickx,Ferrari
1968,0,Jackie Oliver,Lotus-Ford
1968,0,Chris Amon,Ferrari
1968,0,Henri Pescarolo,Matra
1968,0,Dave Charlton,Brabham-Repco
1968,0,Jean-Pierre Beltoise,Matra
1968,0,Brian Redman,Cooper-BRM
1968,0,Derek Bell,Ferrari
1968,0,David Hobbs,Honda
1968,0,Andrea de Adamich,Ferrari
1968,0,Jackie Pretorius,Brabham-Climax
1968,0,John Love,Brabham-Repco
1968,0,Bill Brack,Lotus-Ford
1968,0,Jo Siffert,Lotus-Ford
1968,0,Jo Bonnier,McLaren-BRM
1968,0,Vic Elford,Cooper-BRM
1968,0,Silvio Moser,Brabham-Repco
1968,0,Jochen Rindt,Brabham-Repco
1968,0,Johnny Servoz-Gavin,Matra-Ford
1968,0,Piers Courage,BRM
1968,0,Dan Gurney,Eagle-Weslake
1968,0,Hubert Hahne,Lola
1968,0,Sam Tingle,LDS
1968,0,Basil van Rooyen,Cooper-Climax
1968,0,Richard Attwood,BRM
1968,0,Mike Spence,BRM
1968,0,Ludovico Scarfiotti,Cooper-BRM
1968,0,Lucien Bianchi,Cooper-BRM
1968,0,Jo Schlesser,Honda
1968,0,Robin Widdows,Cooper-BRM
1968,0,Kurt Ahrens,Brabham-Repco
1968,0,Frank Gardner,BRM
1968,0,Bobby Unser,BRM
1968,0,Moisés Solana,Lotus-Ford
1969,27,Graham Hill,Lotus-Ford
1969,21,Jack Brabham,Brabham-Ford
1969,12,Jackie Stewart,Matra-Ford
1969,10,Denny Hulme,McLaren-Ford
1969,6,Bruce McLaren,McLaren-Ford
1969,1,John Surtees,BRM
1969,1,Pedro Rodríguez,Ferrari
1969,0,Mario Andretti,Lotus-Ford
1969,0,Jacky Ickx,Brabham-Ford
1969,0,Jackie Oliver,BRM
1969,0,Chris Amon,Ferrari
1969,0,Jean-Pierre Beltoise,Matra-Ford
1969,0,Derek Bell,McLaren-Ford
1969,0,John Love,Lotus-Ford
1969,0,Bill Brack,BRM
1969,0,Jo Siffert,Lotus-Ford
1969,0,Jo Bonnier,Lotus-Ford
1969,0,Vic Elford,McLaren-Ford
1969,0,Silvio Moser,Brabham-Ford
1969,0,George Eaton,BRM
1969,0,Pete Lovely,Lotus-Ford
1969,0,John Miles,Lotus-Ford
1969,0,Jochen Rindt,Lotus-Ford
1969,0,Johnny Servoz-Gavin,Matra-Ford
1969,0,Piers Courage,Brabham-Ford
1969,0,Peter de Klerk,Brabham-Repco
1969,0,Sam Tingle,Brabham-Repco
1969,0,Basil van Rooyen,McLaren-Ford
1969,0,Richard Attwood,Lotus-Ford
1969,0,Al Pease,Eagle-Climax
1969,0,John Cordts,Brabham-Climax
1970,27,Graham Hill,Team Lotus
1970,24,Jack Brabham,Brabham
1970,14,Jackie Stewart,March
1970,10,Denny Hulme,McLaren-Ford
1970,8,Jochen Rindt,Team Lotus
1970,6,Bruce McLaren,McLaren-Ford
1970,1,John Surtees,Surtees
1970,1,Pedro Rodríguez,BRM
1970,0,Mario Andretti,March
1970,0,Clay Regazzoni,Ferrari
1970,0,Emerson Fittipaldi,Team Lotus
1970,0,Jacky Ickx,Ferrari
1970,0,Ronnie Peterson,March
1970,0,Rolf Stommelen,Brabham
1970,0,Jackie Oliver,BRM
1970,0,Chris Amon,March
1970,0,Henri Pescarolo,Matra
1970,0,Dave Charlton,Team Lotus
1970,0,Jean-Pierre Beltoise,Matra
1970,0,Brian Redman,De Tomaso
1970,0,Tim Schenken,De Tomaso
1970,0,Reine Wisell,Team Lotus
1970,0,Peter Gethin,McLaren-Ford
1970,0,Derek Bell,Brabham
1970,0,François Cevert,March
1970,0,Nanni Galli,McLaren-Alfa Romeo
1970,0,Andrea de Adamich,McLaren-Alfa Romeo
1970,0,Alex Soler-Roig,Team Lotus
1970,0,John Love,Team Lotus
1970,0,Jo Siffert,March
1970,0,Jo Bonnier,McLaren-Ford
1970,0,Silvio Moser,Bellasi
1970,0,George Eaton,BRM
1970,0,Pete Lovely,Team Lotus
1970,0,John Miles,Team Lotus
1970,0,Johnny Servoz-Gavin,March
1970,0,Piers Courage,De Tomaso
1970,0,Peter de Klerk,Brabham
1970,0,Ignazio Giunti,Ferrari
1970,0,Dan Gurney,McLaren-Ford
1970,0,Hubert Hahne,March
1970,0,Gus Hutchison,Brabham
1970,0,Peter Westbury,BRM
1971,27,Graham Hill,Brabham
1971,24,Jackie Stewart,Tyrrell
1971,10,Denny Hulme,McLaren
1971,1,Mario Andretti,Ferrari
1971,1,John Surtees,Surtees
1971,1,Pedro Rodríguez,BRM
1971,0,Niki Lauda,March-Ford
1971,0,Jean-Pierre Jarier,March-Ford
1971,0,Clay Regazzoni,Ferrari
1971,0,Emerson Fittipaldi,Lotus-Ford
1971,0,Jacky Ickx,Ferrari
1971,0,Ronnie Peterson,March-Ford
1971,0,Rolf Stommelen,Surtees
1971,0,Jackie Oliver,McLaren
1971,0,Chris Amon,Matra
1971,0,Henri Pescarolo,March-Ford
1971,0,Mark Donohue,McLaren
1971,0,Dave Charlton,Brabham
1971,0,Gijs van Lennep,Surtees
1971,0,Mike Hailwood,Surtees
1971,0,Jean-Pierre Beltoise,Matra
1971,0,Howden Ganley,BRM
1971,0,Peter Revson,Tyrrell
1971,0,Brian Redman,Surtees
1971,0,Tim Schenken,Brabham
1971,0,Reine Wisell,Lotus-Ford
1971,0,Peter Gethin,McLaren
1971,0,Derek Bell,Surtees
1971,0,David Hobbs,McLaren
1971,0,François Cevert,Tyrrell
1971,0,Mike Beuttler,March-Ford
1971,0,Nanni Galli,March-Ford
1971,0,Andrea de Adamich,March-Alfa Romeo
1971,0,Jackie Pretorius,Brabham
1971,0,Helmut Marko,BRM
1971,0,David Walker,Lotus-Pratt &amp; Whitney
1971,0,Alex Soler-Roig,March-Ford
1971,0,John Love,March-Ford
1971,0,Skip Barber,March-Ford
1971,0,Sam Posey,Surtees
1971,0,Jo Siffert,BRM
1971,0,Jo Bonnier,McLaren
1971,0,François Mazet,March-Ford
1971,0,Max Jean,March-Ford
1971,0,Vic Elford,BRM
1971,0,Silvio Moser,Bellasi
1971,0,George Eaton,BRM
1971,0,Pete Lovely,Lotus-Ford
1971,0,Chris Craft,Brabham
1971,0,John Cannon,BRM
1972,27,Graham Hill,Brabham
1972,25,Jackie Stewart,Tyrrell
1972,11,Denny Hulme,McLaren
1972,10,Emerson Fittipaldi,Team Lotus
1972,1,Mario Andretti,Ferrari
1972,1,John Surtees,Surtees
1972,0,Niki Lauda,March
1972,0,Carlos Reutemann,Brabham
1972,0,Patrick Depailler,Tyrrell
1972,0,Jody Scheckter,McLaren
1972,0,Clay Regazzoni,Ferrari
1972,0,Arturo Merzario,Ferrari
1972,0,Jacky Ickx,Ferrari
1972,0,Ronnie Peterson,March
1972,0,Rolf Stommelen,March
1972,0,Carlos Pace,March
1972,0,Jackie Oliver,BRM
1972,0,Chris Amon,Matra
1972,0,Henri Pescarolo,March
1972,0,Wilson Fittipaldi,Brabham
1972,0,Dave Charlton,Team Lotus
1972,0,François Migault,Connew
1972,0,Mike Hailwood,Surtees
1972,0,Jean-Pierre Beltoise,BRM
1972,0,Howden Ganley,BRM
1972,0,Peter Revson,McLaren
1972,0,Brian Redman,McLaren
1972,0,Tim Schenken,Surtees
1972,0,Reine Wisell,BRM
1972,0,Peter Gethin,BRM
1972,0,Derek Bell,Tecno
1972,0,François Cevert,Tyrrell
1972,0,Mike Beuttler,March
1972,0,Nanni Galli,Tecno
1972,0,Andrea de Adamich,Surtees
1972,0,Helmut Marko,BRM
1972,0,David Walker,Team Lotus
1972,0,Alex Soler-Roig,BRM
1972,0,John Love,Surtees
1972,0,Skip Barber,March
1972,0,Bill Brack,BRM
1972,0,Sam Posey,Surtees
1973,33,Jackie Stewart,Tyrrell
1973,27,Graham Hill,Shadow
1973,17,Emerson Fittipaldi,Team Lotus
1973,11,Denny Hulme,McLaren
1973,0,Niki Lauda,BRM
1973,0,John Watson,Brabham
1973,0,Jean-Pierre Jarier,March
1973,0,Carlos Reutemann,Brabham
1973,0,Jochen Mass,Surtees
1973,0,Jody Scheckter,McLaren
1973,0,Clay Regazzoni,BRM
1973,0,James Hunt,March
1973,0,Arturo Merzario,Ferrari
1973,0,Jacky Ickx,Ferrari
1973,0,Ronnie Peterson,Team Lotus
1973,0,Rolf Stommelen,Brabham
1973,0,Carlos Pace,Surtees
1973,0,David Purley,March
1973,0,Jackie Oliver,Shadow
1973,0,Chris Amon,Tecno
1973,0,Henri Pescarolo,Iso Marlboro
1973,0,Wilson Fittipaldi,Brabham
1973,0,Eddie Keizan,Tyrrell
1973,0,Dave Charlton,Team Lotus
1973,0,Gijs van Lennep,Iso Marlboro
1973,0,Mike Hailwood,Surtees
1973,0,Jean-Pierre Beltoise,BRM
1973,0,Howden Ganley,Iso Marlboro
1973,0,Peter Revson,McLaren
1973,0,Brian Redman,Shadow
1973,0,Rikky von Opel,Ensign
1973,0,Tim Schenken,Iso Marlboro
1973,0,Reine Wisell,March
1973,0,Peter Gethin,BRM
1973,0,François Cevert,Tyrrell
1973,0,Mike Beuttler,March
1973,0,Nanni Galli,Iso Marlboro
1973,0,Luiz Bueno,Surtees
1973,0,George Follmer,Shadow
1973,0,Andrea de Adamich,Brabham
1973,0,Jackie Pretorius,Iso Marlboro
1973,0,Roger Williamson,March
1973,0,Graham McRae,Iso Marlboro
1974,27,Graham Hill,Lola
1974,23,Emerson Fittipaldi,McLaren
1974,12,Denny Hulme,McLaren
1974,6,Clay Regazzoni,Ferrari
1974,2,Niki Lauda,Ferrari
1974,1,Mario Andretti,Parnelli
1974,0,Jacques Laffite,Iso Marlboro
1974,0,John Watson,Brabham
1974,0,Jean-Pierre Jarier,Shadow
1974,0,Carlos Reutemann,Brabham
1974,0,Jochen Mass,Surtees
1974,0,Jean-Pierre Jabouille,Iso Marlboro
1974,0,Patrick Depailler,Tyrrell
1974,0,Jody Scheckter,Tyrrell
1974,0,Vittorio Brambilla,March
1974,0,James Hunt,Hesketh
1974,0,Arturo Merzario,Iso Marlboro
1974,0,Hans-Joachim Stuck,March
1974,0,Jacky Ickx,Team Lotus
1974,0,Ronnie Peterson,Team Lotus
1974,0,Rolf Stommelen,Lola
1974,0,Carlos Pace,Brabham
1974,0,Ian Scheckter,Hesketh
1974,0,Tom Pryce,Shadow
1974,0,Larry Perkins,Amon
1974,0,David Purley,Token
1974,0,Guy Edwards,Lola
1974,0,Vern Schuppan,Ensign
1974,0,Teddy Pilette,Brabham
1974,0,Ian Ashley,Brabham
1974,0,Lella Lombardi,Brabham
1974,0,Chris Amon,Amon
1974,0,Henri Pescarolo,BRM
1974,0,Mike Wilds,Ensign
1974,0,Mark Donohue,Penske
1974,0,Eddie Keizan,Tyrrell
1974,0,Dave Charlton,McLaren
1974,0,François Migault,BRM
1974,0,Gijs van Lennep,Iso Marlboro
1974,0,John Nicholson,Lyncar
1974,0,Mike Hailwood,McLaren
1974,0,Jean-Pierre Beltoise,BRM
1974,0,Howden Ganley,Maki
1974,0,Richard Robarts,Brabham
1974,0,Peter Revson,Shadow
1974,0,Paddy Driver,Team Lotus
1974,0,Tom Belsø,Iso Marlboro
1974,0,Brian Redman,Shadow
1974,0,Rikky von Opel,Brabham
1974,0,Tim Schenken,Trojan
1974,0,Gérard Larrousse,Brabham
1974,0,Leo Kinnunen,Surtees
1974,0,Reine Wisell,March
1974,0,Bertil Roos,Shadow
1974,0,José Dolhem,Surtees
1974,0,Peter Gethin,Lola
1974,0,Derek Bell,Surtees
1974,0,David Hobbs,McLaren
1974,0,Dieter Quester,Surtees
1974,0,Helmuth Koinigg,Surtees
1974,0,Carlo Facetti,Brabham
1974,0,Eppie Wietzes,Brabham
1975,28,Emerson Fittipaldi,McLaren
1975,27,Graham Hill,Lola
1975,11,Niki Lauda,Ferrari
1975,6,Clay Regazzoni,Ferrari
1975,1,Mario Andretti,Parnelli
1975,0,Jacques Laffite,Williams
1975,0,Alan Jones,Embassy Hill
1975,0,John Watson,Surtees
1975,0,Jean-Pierre Jarier,Shadow-Ford
1975,0,Carlos Reutemann,Brabham
1975,0,Jochen Mass,McLaren
1975,0,Brian Henton,Team Lotus
1975,0,Jean-Pierre Jabouille,Tyrrell
1975,0,Patrick Depailler,Tyrrell
1975,0,Jody Scheckter,Tyrrell
1975,0,Harald Ertl,Hesketh
1975,0,Vittorio Brambilla,March
1975,0,James Hunt,Hesketh
1975,0,Arturo Merzario,Williams
1975,0,Hans-Joachim Stuck,March
1975,0,Jacky Ickx,Team Lotus
1975,0,Ronnie Peterson,Team Lotus
1975,0,Brett Lunger,Hesketh
1975,0,Rolf Stommelen,Embassy Hill
1975,0,Tony Trimmer,Maki
1975,0,Carlos Pace,Brabham
1975,0,Ian Scheckter,Williams
1975,0,Tom Pryce,Shadow-Ford
1975,0,Renzo Zorzi,Williams
1975,0,Vern Schuppan,Embassy Hill
1975,0,Ian Ashley,Williams
1975,0,Lella Lombardi,March
1975,0,Bob Evans,BRM
1975,0,Michel Leclère,Tyrrell
1975,0,Chris Amon,Ensign
1975,0,Damien Magee,Williams
1975,0,Mike Wilds,BRM
1975,0,Mark Donohue,Penske
1975,0,Wilson Fittipaldi,Fittipaldi
1975,0,Guy Tunmer,Team Lotus
1975,0,Eddie Keizan,Team Lotus
1975,0,Dave Charlton,McLaren
1975,0,Tony Brise,Embassy Hill
1975,0,Roelof Wunderink,Ensign
1975,0,François Migault,Embassy Hill
1975,0,Torsten Palm,Hesketh
1975,0,Gijs van Lennep,Ensign
1975,0,Hiroshi Fushida,Maki
1975,0,John Nicholson,Lyncar
1975,0,Dave Morgan,Surtees
1975,0,Jim Crawford,Team Lotus
1975,0,Jo Vonlanthen,Williams
1976,28,Emerson Fittipaldi,Fittipaldi
1976,26,Niki Lauda,Ferrari
1976,6,Clay Regazzoni,Ferrari
1976,1,Mario Andretti,Team Lotus
1976,1,James Hunt,McLaren
1976,0,Jacques Laffite,Ligier
1976,0,Alan Jones,Surtees
1976,0,John Watson,Penske
1976,0,Jean-Pierre Jarier,Shadow
1976,0,Carlos Reutemann,Brabham-Alfa Romeo
1976,0,Jochen Mass,McLaren
1976,0,Emilio de Villota,Brabham-Ford
1976,0,Patrick Depailler,Tyrrell
1976,0,Jody Scheckter,Tyrrell
1976,0,Harald Ertl,Hesketh
1976,0,Vittorio Brambilla,March
1976,0,Arturo Merzario,March
1976,0,Hans-Joachim Stuck,March
1976,0,Jacky Ickx,Wolf
1976,0,Alex Ribeiro,Hesketh
1976,0,Ronnie Peterson,March
1976,0,Brett Lunger,Surtees
1976,0,Divina Galica,Surtees
1976,0,Rolf Stommelen,Brabham-Alfa Romeo
1976,0,Tony Trimmer,Maki
1976,0,Hans Binder,Ensign
1976,0,Carlos Pace,Brabham-Alfa Romeo
1976,0,Ian Scheckter,Tyrrell
1976,0,Tom Pryce,Shadow
1976,0,Ingo Hoffmann,Fittipaldi
1976,0,Renzo Zorzi,Williams
1976,0,Gunnar Nilsson,Team Lotus
1976,0,Larry Perkins,Boro
1976,0,Boy Lunger,Penske
1976,0,Patrick Nève,Brabham-Ford
1976,0,Conny Andersson,Surtees
1976,0,Guy Edwards,Hesketh
1976,0,Ian Ashley,BRM
1976,0,Loris Kessel,Brabham-Ford
1976,0,Kazuyoshi Hoshino,Tyrrell
1976,0,Noritake Takahara,Surtees
1976,0,Lella Lombardi,Brabham-Ford
1976,0,Bob Evans,Team Lotus
1976,0,Michel Leclère,Wolf
1976,0,Chris Amon,Ensign
1976,0,Emilio Zapico,Williams
1976,0,Henri Pescarolo,Surtees
1976,0,Jac Nelleman,Brabham-Ford
1976,0,Damien Magee,Brabham-Ford
1976,0,Mike Wilds,Shadow
1976,0,Alessandro Pesenti-Rossi,Tyrrell
1976,0,Otto Stuppacher,Tyrrell
1976,0,Warwick Brown,Wolf
1976,0,Masahiro Hasemi,Kojima
1977,36,Niki Lauda,Ferrari
1977,28,Emerson Fittipaldi,Fittipaldi
1977,6,Jody Scheckter,Wolf
1977,6,Clay Regazzoni,Ensign
1977,1,Carlos Reutemann,Ferrari
1977,1,Mario Andretti,Team Lotus
1977,1,James Hunt,McLaren
1977,0,Riccardo Patrese,Shadow
1977,0,Bruno Giacomelli,McLaren
1977,0,Jacques Laffite,Ligier
1977,0,Patrick Tambay,Ensign
1977,0,Alan Jones,Shadow
1977,0,John Watson,Brabham
1977,0,Jean-Pierre Jarier,Penske
1977,0,Jochen Mass,McLaren
1977,0,Gilles Villeneuve,Ferrari
1977,0,Brian Henton,March
1977,0,Emilio de Villota,McLaren
1977,0,Rupert Keegan,Hesketh
1977,0,Hector Rebaque,Hesketh
1977,0,Jean-Pierre Jabouille,Renault
1977,0,Giorgio Francia,Brabham
1977,0,Patrick Depailler,Tyrrell
1977,0,Harald Ertl,Hesketh
1977,0,Vittorio Brambilla,Surtees
1977,0,Arturo Merzario,March
1977,0,Hans-Joachim Stuck,Brabham
1977,0,Jacky Ickx,Ensign
1977,0,Alex Ribeiro,March
1977,0,Ronnie Peterson,Tyrrell
1977,0,Brett Lunger,McLaren
1977,0,Danny Ongais,Penske
1977,0,Lamberto Leoni,Surtees
1977,0,Tony Trimmer,Surtees
1977,0,Hans Binder,Surtees
1977,0,Michael Bleekemolen,March
1977,0,Carlos Pace,Brabham
1977,0,Ian Scheckter,March
1977,0,Tom Pryce,Shadow
1977,0,Ingo Hoffmann,Fittipaldi
1977,0,Renzo Zorzi,Shadow
1977,0,Gunnar Nilsson,Team Lotus
1977,0,Larry Perkins,Surtees
1977,0,Boy Lunger,March
1977,0,Patrick Nève,March
1977,0,David Purley,LEC
1977,0,Conny Andersson,BRM
1977,0,Bernard de Dryver,March
1977,0,Jackie Oliver,Shadow
1977,0,Mikko Kozarowitzky,March
1977,0,Andy Sutcliffe,March
1977,0,Guy Edwards,BRM
1977,0,Brian McGuire,McGuire
1977,0,Vern Schuppan,Surtees
1977,0,Hans Heyer,Penske
1977,0,Teddy Pilette,BRM
1977,0,Ian Ashley,Hesketh
1977,0,Loris Kessel,Apollon
1977,0,Kunimitsu Takahashi,Tyrrell
1977,0,Kazuyoshi Hoshino,Kojima
1977,0,Noritake Takahara,Kojima
1978,36,Niki Lauda,Brabham
1978,28,Emerson Fittipaldi,Fittipaldi
1978,15,Mario Andretti,Team Lotus
1978,6,Jody Scheckter,Wolf
1978,6,Clay Regazzoni,Shadow
1978,2,Carlos Reutemann,Ferrari
1978,1,Patrick Depailler,Tyrrell
1978,1,James Hunt,McLaren
1978,0,Riccardo Patrese,Arrows
1978,0,Nelson Piquet,McLaren
1978,0,Bruno Giacomelli,McLaren
1978,0,Eddie Cheever,Theodore
1978,0,René Arnoux,Martini
1978,0,Jacques Laffite,Ligier
1978,0,Patrick Tambay,McLaren
1978,0,Keke Rosberg,ATS
1978,0,Alan Jones,Williams
1978,0,John Watson,Brabham
1978,0,Jean-Pierre Jarier,ATS
1978,0,Jochen Mass,ATS
1978,0,Didier Pironi,Tyrrell
1978,0,Gilles Villeneuve,Ferrari
1978,0,Derek Daly,Ensign
1978,0,Emilio de Villota,McLaren
1978,0,Geoff Lees,Ensign
1978,0,Rupert Keegan,Surtees
1978,0,Hector Rebaque,Team Lotus
1978,0,Beppe Gabbiani,Surtees
1978,0,Jean-Pierre Jabouille,Renault
1978,0,Harald Ertl,Ensign
1978,0,Vittorio Brambilla,Surtees
1978,0,Arturo Merzario,Merzario
1978,0,Hans-Joachim Stuck,Shadow
1978,0,Jacky Ickx,Ensign
1978,0,Ronnie Peterson,Team Lotus
1978,0,Brett Lunger,McLaren
1978,0,Danny Ongais,Ensign
1978,0,Lamberto Leoni,Ensign
1978,0,Divina Galica,Hesketh
1978,0,Rolf Stommelen,Arrows
1978,0,Alberto Colombo,ATS
1978,0,Tony Trimmer,McLaren
1978,0,Hans Binder,ATS
1978,0,Michael Bleekemolen,ATS
1978,0,Carlo Franchi,Surtees
1978,0,Bobby Rahal,Wolf
1979,36,Niki Lauda,Brabham-Alfa Romeo
1979,28,Emerson Fittipaldi,Fittipaldi
1979,15,Mario Andretti,Team Lotus
1979,15,Jody Scheckter,Ferrari
1979,6,Clay Regazzoni,Williams
1979,4,Jacques Laffite,Ligier
1979,2,Carlos Reutemann,Team Lotus
1979,2,Gilles Villeneuve,Ferrari
1979,1,Patrick Depailler,Ligier
1979,1,James Hunt,Wolf
1979,0,Riccardo Patrese,Arrows
1979,0,Jan Lammers,Shadow
1979,0,Nelson Piquet,Brabham-Alfa Romeo
1979,0,Bruno Giacomelli,Alfa Romeo
1979,0,René Arnoux,Renault
1979,0,Elio de Angelis,Shadow
1979,0,Patrick Tambay,McLaren
1979,0,Marc Surer,Ensign
1979,0,Keke Rosberg,Wolf
1979,0,Alan Jones,Williams
1979,0,John Watson,McLaren
1979,0,Jean-Pierre Jarier,Tyrrell
1979,0,Jochen Mass,Arrows
1979,0,Didier Pironi,Tyrrell
1979,0,Derek Daly,Ensign
1979,0,Geoff Lees,Tyrrell
1979,0,Hector Rebaque,Team Lotus
1979,0,Ricardo Zunino,Brabham-Ford
1979,0,Jean-Pierre Jabouille,Renault
1979,0,Vittorio Brambilla,Alfa Romeo
1979,0,Arturo Merzario,Merzario
1979,0,Hans-Joachim Stuck,ATS
1979,0,Gianfranco Brancatelli,Kauhsen
1979,0,Jacky Ickx,Ligier
1979,0,Patrick Gaillard,Ensign
1979,0,Alex Ribeiro,Fittipaldi
1980,28,Emerson Fittipaldi,Fittipaldi
1980,15,Mario Andretti,Team Lotus
1980,15,Jody Scheckter,Ferrari
1980,9,Alan Jones,Williams
1980,6,Clay Regazzoni,Ensign
1980,4,Jacques Laffite,Ligier
1980,3,René Arnoux,Renault
1980,2,Nelson Piquet,Brabham
1980,2,Carlos Reutemann,Williams
1980,2,Gilles Villeneuve,Ferrari
1980,1,Patrick Depailler,Alfa Romeo
1980,0,Nigel Mansell,Team Lotus
1980,0,Andrea de Cesaris,Alfa Romeo
1980,0,Alain Prost,McLaren
1980,0,Riccardo Patrese,Arrows
1980,0,Jan Lammers,Ensign
1980,0,Stefan Johansson,Shadow
1980,0,Bruno Giacomelli,Alfa Romeo
1980,0,Eddie Cheever,Osella
1980,0,Elio de Angelis,Team Lotus
1980,0,Marc Surer,ATS
1980,0,Keke Rosberg,Fittipaldi
1980,0,Manfred Winkelhock,Arrows
1980,0,John Watson,McLaren
1980,0,Mike Thackwell,Tyrrell
1980,0,Jean-Pierre Jarier,Tyrrell
1980,0,Jochen Mass,Arrows
1980,0,Didier Pironi,Ligier
1980,0,Derek Daly,Tyrrell
1980,0,Geoff Lees,Shadow
1980,0,Rupert Keegan,Williams
1980,0,Hector Rebaque,Brabham
1980,0,Kevin Cogan,Williams
1980,0,Ricardo Zunino,Brabham
1980,0,Jean-Pierre Jabouille,Renault
1980,0,Dave Kennedy,Shadow
1980,0,Stephen South,McLaren
1980,0,Tiff Needell,Ensign
1980,0,Desiré Wilson,Williams
1980,0,Harald Ertl,ATS
1980,0,Vittorio Brambilla,Alfa Romeo
1981,15,Mario Andretti,Alfa Romeo
1981,13,Carlos Reutemann,Williams
1981,11,Alan Jones,Williams
1981,4,Nelson Piquet,Brabham
1981,4,Jacques Laffite,Ligier
1981,3,René Arnoux,Renault
1981,2,Gilles Villeneuve,Ferrari
1981,0,Nigel Mansell,Team Lotus
1981,0,Michele Alboreto,Tyrrell
1981,0,Andrea de Cesaris,McLaren
1981,0,Alain Prost,Renault
1981,0,Derek Warwick,Toleman
1981,0,Riccardo Patrese,Arrows
1981,0,Jan Lammers,ATS
1981,0,Bruno Giacomelli,Alfa Romeo
1981,0,Eddie Cheever,Tyrrell
1981,0,Piercarlo Ghinzani,Osella
1981,0,Elio de Angelis,Team Lotus
1981,0,Patrick Tambay,Ligier
1981,0,Marc Surer,Theodore
1981,0,Keke Rosberg,Fittipaldi
1981,0,John Watson,McLaren
1981,0,Chico Serra,Fittipaldi
1981,0,Eliseo Salazar,Ensign
1981,0,Jean-Pierre Jarier,Osella
1981,0,Jacques Villeneuve Sr.,Arrows
1981,0,Slim Borgudd,ATS
1981,0,Didier Pironi,Ferrari
1981,0,Brian Henton,Toleman
1981,0,Derek Daly,March
1981,0,Hector Rebaque,Brabham
1981,0,Beppe Gabbiani,Osella
1981,0,Kevin Cogan,Tyrrell
1981,0,Miguel Ángel Guerra,Osella
1981,0,Siegfried Stohr,Arrows
1981,0,Ricardo Zunino,Tyrrell
1981,0,Ricardo Londoño,Ensign
1981,0,Jean-Pierre Jabouille,Ligier
1981,0,Giorgio Francia,Osella
1982,36,Niki Lauda,McLaren
1982,15,Mario Andretti,Ferrari
1982,13,Carlos Reutemann,Williams
1982,6,Alain Prost,Renault
1982,4,Nelson Piquet,Brabham
1982,4,Jacques Laffite,Ligier
1982,4,Didier Pironi,Ferrari
1982,3,René Arnoux,Renault
1982,3,Keke Rosberg,Williams
1982,3,John Watson,McLaren
1982,2,Gilles Villeneuve,Ferrari
1982,0,Roberto Moreno,Team Lotus
1982,0,Nigel Mansell,Team Lotus
1982,0,Michele Alboreto,Tyrrell
1982,0,Andrea de Cesaris,Alfa Romeo
1982,0,Derek Warwick,Toleman
1982,0,Riccardo Patrese,Brabham
1982,0,Jan Lammers,Theodore
1982,0,Bruno Giacomelli,Alfa Romeo
1982,0,Eddie Cheever,Ligier
1982,0,Teo Fabi,Toleman
1982,0,Elio de Angelis,Team Lotus
1982,0,Patrick Tambay,Ferrari
1982,0,Marc Surer,Arrows
1982,0,Manfred Winkelhock,ATS
1982,0,Mauro Baldi,Arrows
1982,0,Chico Serra,Fittipaldi
1982,0,Eliseo Salazar,ATS
1982,0,Roberto Guerrero,Ensign
1982,0,Raul Boesel,March
1982,0,Jean-Pierre Jarier,Osella
1982,0,Jochen Mass,March
1982,0,Slim Borgudd,Tyrrell
1982,0,Riccardo Paletti,Osella
1982,0,Brian Henton,Tyrrell
1982,0,Derek Daly,Williams
1982,0,Emilio de Villota,March
1982,0,Geoff Lees,Team Lotus
1982,0,Tommy Byrne,Theodore
1982,0,Rupert Keegan,March
1983,37,Niki Lauda,McLaren
1983,16,Alain Prost,Renault
1983,11,Alan Jones,Arrows
1983,8,Nelson Piquet,Brabham
1983,4,Jacques Laffite,Williams
1983,3,René Arnoux,Ferrari
1983,3,Keke Rosberg,Williams
1983,3,John Watson,McLaren
1983,0,Nigel Mansell,Team Lotus
1983,0,Michele Alboreto,Tyrrell
1983,0,Andrea de Cesaris,Alfa Romeo
1983,0,Derek Warwick,Toleman
1983,0,Riccardo Patrese,Brabham
1983,0,Thierry Boutsen,Arrows
1983,0,Stefan Johansson,Spirit
1983,0,Bruno Giacomelli,Toleman
1983,0,Jonathan Palmer,Williams
1983,0,Eddie Cheever,Renault
1983,0,Piercarlo Ghinzani,Osella
1983,0,Jean-Louis Schlesser,RAM
1983,0,Elio de Angelis,Team Lotus
1983,0,Patrick Tambay,Ferrari
1983,0,Marc Surer,Arrows
1983,0,Manfred Winkelhock,ATS
1983,0,Mauro Baldi,Alfa Romeo
1983,0,Kenny Acheson,RAM
1983,0,Johnny Cecotto,Theodore
1983,0,Corrado Fabi,Osella
1983,0,Chico Serra,Arrows
1983,0,Danny Sullivan,Tyrrell
1983,0,Eliseo Salazar,RAM
1983,0,Roberto Guerrero,Theodore
1983,0,Raul Boesel,Ligier
1983,0,Jean-Pierre Jarier,Ligier
1983,0,Jacques Villeneuve Sr.,RAM
1984,42,Niki Lauda,McLaren
1984,27,Alain Prost,McLaren
1984,8,Nelson Piquet,Brabham
1984,4,Jacques Laffite,Williams
1984,3,René Arnoux,Ferrari
1984,3,Keke Rosberg,Williams
1984,0,Gerhard Berger,ATS
1984,0,Martin Brundle,Tyrrell
1984,0,Pierluigi Martini,Toleman
1984,0,Nigel Mansell,Team Lotus
1984,0,Ayrton Senna,Toleman
1984,0,Michele Alboreto,Ferrari
1984,0,Andrea de Cesaris,Ligier
1984,0,Philippe Alliot,RAM
1984,0,Derek Warwick,Renault
1984,0,Riccardo Patrese,Alfa Romeo
1984,0,Thierry Boutsen,Arrows
1984,0,Stefan Johansson,Tyrrell
1984,0,Jonathan Palmer,RAM
1984,0,Eddie Cheever,Alfa Romeo
1984,0,Piercarlo Ghinzani,Osella
1984,0,Philippe Streiff,Renault
1984,0,Teo Fabi,Brabham
1984,0,Elio de Angelis,Team Lotus
1984,0,Patrick Tambay,Renault
1984,0,Marc Surer,Arrows
1984,0,Huub Rothengatter,Spirit
1984,0,Manfred Winkelhock,ATS
1984,0,François Hesnault,Ligier
1984,0,Mauro Baldi,Spirit
1984,0,Stefan Bellof,Tyrrell
1984,0,Johnny Cecotto,Toleman
1984,0,Jo Gartner,Osella
1984,0,Corrado Fabi,Brabham
1984,0,Mike Thackwell,RAM
1985,42,Niki Lauda,McLaren
1985,35,Alain Prost,McLaren
1985,11,Alan Jones,Lola
1985,8,Nelson Piquet,Brabham
1985,6,Michele Alboreto,Ferrari
1985,4,Jacques Laffite,Ligier
1985,3,René Arnoux,Ferrari
1985,3,Keke Rosberg,Williams
1985,3,John Watson,McLaren
1985,2,Elio de Angelis,Team Lotus
1985,0,Gerhard Berger,Arrows
1985,0,Martin Brundle,Tyrrell
1985,0,Pierluigi Martini,Minardi
1985,0,Nigel Mansell,Williams
1985,0,Ayrton Senna,Team Lotus
1985,0,Andrea de Cesaris,Ligier
1985,0,Philippe Alliot,RAM
1985,0,Derek Warwick,Renault
1985,0,Riccardo Patrese,Alfa Romeo
1985,0,Ivan Capelli,Tyrrell
1985,0,Thierry Boutsen,Arrows
1985,0,Stefan Johansson,Ferrari
1985,0,Jonathan Palmer,Zakspeed
1985,0,Christian Danner,Zakspeed
1985,0,Eddie Cheever,Alfa Romeo
1985,0,Piercarlo Ghinzani,Osella
1985,0,Philippe Streiff,Ligier
1985,0,Teo Fabi,Toleman
1985,0,Patrick Tambay,Renault
1985,0,Marc Surer,Brabham
1985,0,Huub Rothengatter,Osella
1985,0,Manfred Winkelhock,RAM
1985,0,François Hesnault,Brabham
1985,0,Mauro Baldi,Spirit
1985,0,Stefan Bellof,Tyrrell
1985,0,Kenny Acheson,RAM
1986,39,Alain Prost,McLaren
1986,11,Alan Jones,Lola
1986,10,Nelson Piquet,Williams
1986,7,Nigel Mansell,Williams
1986,6,Michele Alboreto,Ferrari
1986,4,Jacques Laffite,Ligier
1986,3,Ayrton Senna,Team Lotus
1986,3,René Arnoux,Ligier
1986,3,Keke Rosberg,McLaren
1986,2,Elio de Angelis,Brabham
1986,0,Gerhard Berger,Benetton
1986,0,Martin Brundle,Tyrrell
1986,0,Andrea de Cesaris,Minardi
1986,0,Philippe Alliot,Ligier
1986,0,Derek Warwick,Brabham
1986,0,Riccardo Patrese,Brabham
1986,0,Ivan Capelli,AGS
1986,0,Thierry Boutsen,Arrows
1986,0,Alex Caffi,Osella
1986,0,Stefan Johansson,Ferrari
1986,0,Alessandro Nannini,Minardi
1986,0,Jonathan Palmer,Zakspeed
1986,0,Christian Danner,Arrows
1986,0,Eddie Cheever,Lola
1986,0,Piercarlo Ghinzani,Osella
1986,0,Philippe Streiff,Tyrrell
1986,0,Teo Fabi,Benetton
1986,0,Johnny Dumfries,Team Lotus
1986,0,Patrick Tambay,Lola
1986,0,Marc Surer,Arrows
1986,0,Huub Rothengatter,Zakspeed
1986,0,Allen Berg,Osella
1987,42,Alain Prost,McLaren
1987,19,Nelson Piquet,Williams
1987,8,Nigel Mansell,Williams
1987,6,Ayrton Senna,Team Lotus
1987,6,Michele Alboreto,Ferrari
1987,3,René Arnoux,Ligier
1987,0,Gerhard Berger,Ferrari
1987,0,Nicola Larini,Coloni
1987,0,Martin Brundle,Zakspeed
1987,0,Roberto Moreno,AGS
1987,0,Gabriele Tarquini,Osella
1987,0,Andrea de Cesaris,Brabham
1987,0,Philippe Alliot,Larrousse
1987,0,Yannick Dalmas,Larrousse
1987,0,Derek Warwick,Arrows
1987,0,Riccardo Patrese,Brabham
1987,0,Ivan Capelli,March
1987,0,Thierry Boutsen,Benetton
1987,0,Stefano Modena,Brabham
1987,0,Alex Caffi,Osella
1987,0,Satoru Nakajima,Team Lotus
1987,0,Stefan Johansson,McLaren
1987,0,Alessandro Nannini,Minardi
1987,0,Jonathan Palmer,Tyrrell
1987,0,Christian Danner,Zakspeed
1987,0,Eddie Cheever,Arrows
1987,0,Piercarlo Ghinzani,Ligier
1987,0,Philippe Streiff,Tyrrell
1987,0,Adrián Campos,Minardi
1987,0,Pascal Fabre,AGS
1987,0,Teo Fabi,Benetton
1987,0,Franco Forini,Osella
1988,53,Alain Prost,McLaren
1988,19,Nelson Piquet,Team Lotus
1988,11,Ayrton Senna,McLaren
1988,8,Nigel Mansell,Williams
1988,6,Michele Alboreto,Ferrari
1988,3,René Arnoux,Ligier
1988,0,Gerhard Berger,Ferrari
1988,0,Nicola Larini,Osella
1988,0,Martin Brundle,Williams
1988,0,Aguri Suzuki,Larrousse
1988,0,Pierluigi Martini,Minardi
1988,0,Gabriele Tarquini,Coloni
1988,0,Andrea de Cesaris,Rial
1988,0,Philippe Alliot,Larrousse
1988,0,Yannick Dalmas,Larrousse
1988,0,Derek Warwick,Arrows
1988,0,Riccardo Patrese,Williams
1988,0,Ivan Capelli,March
1988,0,Thierry Boutsen,Benetton
1988,0,Maurício Gugelmin,March
1988,0,Stefano Modena,Euro Brun
1988,0,Alex Caffi,Dallara
1988,0,Satoru Nakajima,Team Lotus
1988,0,Stefan Johansson,Ligier
1988,0,Julian Bailey,Tyrrell
1988,0,Alessandro Nannini,Benetton
1988,0,Bernd Schneider,Zakspeed
1988,0,Jonathan Palmer,Tyrrell
1988,0,Eddie Cheever,Arrows
1988,0,Luis Pérez-Sala,Minardi
1988,0,Piercarlo Ghinzani,Zakspeed
1988,0,Pierre-Henri Raphanel,Larrousse
1988,0,Oscar Larrauri,Euro Brun
1988,0,Philippe Streiff,AGS
1988,0,Adrián Campos,Minardi
1988,0,Jean-Louis Schlesser,Williams
1989,66,Alain Prost,McLaren
1989,19,Nelson Piquet,Team Lotus
1989,13,Ayrton Senna,McLaren
1989,9,Nigel Mansell,Ferrari
1989,6,Michele Alboreto,Larrousse
1989,3,René Arnoux,Ligier
1989,0,Jean Alesi,Tyrrell
1989,0,Johnny Herbert,Benetton
1989,0,Gerhard Berger,Ferrari
1989,0,Nicola Larini,Osella
1989,0,Martin Brundle,Brabham
1989,0,Aguri Suzuki,Zakspeed
1989,0,Roberto Moreno,Coloni
1989,0,Bertrand Gachot,Onyx
1989,0,Pierluigi Martini,Minardi
1989,0,Gabriele Tarquini,AGS
1989,0,Éric Bernard,Larrousse
1989,0,Jyrki Järvilehto,Onyx
1989,0,Andrea de Cesaris,Dallara
1989,0,Philippe Alliot,Larrousse
1989,0,Yannick Dalmas,AGS
1989,0,Derek Warwick,Arrows
1989,0,Riccardo Patrese,Williams
1989,0,Ivan Capelli,March
1989,0,Thierry Boutsen,Williams
1989,0,Maurício Gugelmin,March
1989,0,Olivier Grouillard,Ligier
1989,0,Stefano Modena,Brabham
1989,0,Alex Caffi,Dallara
1989,0,Enrico Bertaggia,Coloni
1989,0,Satoru Nakajima,Team Lotus
1989,0,Emanuele Pirro,Benetton
1989,0,Stefan Johansson,Onyx
1989,0,Alessandro Nannini,Benetton
1989,0,Bernd Schneider,Zakspeed
1989,0,Paolo Barilla,Minardi
1989,0,Gregor Foitek,Euro Brun
1989,0,Martin Donnelly,Arrows
1989,0,Jonathan Palmer,Tyrrell
1989,0,Christian Danner,Rial
1989,0,Eddie Cheever,Arrows
1989,0,Luis Pérez-Sala,Minardi
1989,0,Piercarlo Ghinzani,Osella
1989,0,Volker Weidler,Rial
1989,0,Pierre-Henri Raphanel,Coloni
1989,0,Joachim Winkelhock,AGS
1989,0,Oscar Larrauri,Euro Brun
1990,67,Alain Prost,Ferrari
1990,28,Ayrton Senna,McLaren
1990,19,Nelson Piquet,Benetton
1990,9,Nigel Mansell,Ferrari
1990,6,Michele Alboreto,Arrows
1990,0,Jean Alesi,Tyrrell
1990,0,Johnny Herbert,Team Lotus
1990,0,Gerhard Berger,McLaren
1990,0,Nicola Larini,Ligier
1990,0,Gianni Morbidelli,Dallara
1990,0,Aguri Suzuki,Larrousse
1990,0,Roberto Moreno,Euro Brun
1990,0,Bertrand Gachot,Coloni
1990,0,Pierluigi Martini,Minardi
1990,0,Gabriele Tarquini,AGS
1990,0,David Brabham,Brabham
1990,0,Éric Bernard,Larrousse
1990,0,Jyrki Järvilehto,Onyx
1990,0,Andrea de Cesaris,Dallara
1990,0,Philippe Alliot,Ligier
1990,0,Yannick Dalmas,AGS
1990,0,Derek Warwick,Team Lotus
1990,0,Riccardo Patrese,Williams
1990,0,Ivan Capelli,Leyton House
1990,0,Thierry Boutsen,Williams
1990,0,Maurício Gugelmin,Leyton House
1990,0,Olivier Grouillard,Osella
1990,0,Stefano Modena,Brabham
1990,0,Alex Caffi,Arrows
1990,0,Satoru Nakajima,Tyrrell
1990,0,Emanuele Pirro,Dallara
1990,0,Stefan Johansson,Onyx
1990,0,Alessandro Nannini,Benetton
1990,0,Bernd Schneider,Arrows
1990,0,Paolo Barilla,Minardi
1990,0,Gregor Foitek,Onyx
1990,0,Claudio Langes,Euro Brun
1990,0,Gary Brabham,Life
1990,0,Martin Donnelly,Team Lotus
1990,0,Bruno Giacomelli,Life
1991,67,Alain Prost,Ferrari
1991,44,Ayrton Senna,McLaren
1991,19,Nelson Piquet,Benetton
1991,9,Nigel Mansell,Williams
1991,6,Michele Alboreto,Footwork
1991,0,Michael Schumacher,Benetton
1991,0,Jean Alesi,Ferrari
1991,0,Mika Häkkinen,Team Lotus
1991,0,Johnny Herbert,Team Lotus
1991,0,Alessandro Zanardi,Jordan
1991,0,Gerhard Berger,McLaren
1991,0,Nicola Larini,Lambo
1991,0,Gianni Morbidelli,Minardi
1991,0,Martin Brundle,Brabham
1991,0,Mark Blundell,Brabham
1991,0,Aguri Suzuki,Lola
1991,0,Roberto Moreno,Benetton
1991,0,Karl Wendlinger,Leyton House
1991,0,Bertrand Gachot,Jordan
1991,0,Pierluigi Martini,Minardi
1991,0,Gabriele Tarquini,AGS
1991,0,Érik Comas,Ligier
1991,0,Éric Bernard,Lola
1991,0,Jyrki Järvilehto,Dallara
1991,0,Andrea de Cesaris,Jordan
1991,0,Riccardo Patrese,Williams
1991,0,Fabrizio Barbazza,AGS
1991,0,Ivan Capelli,Leyton House
1991,0,Thierry Boutsen,Ligier
1991,0,Maurício Gugelmin,Leyton House
1991,0,Eric van de Poele,Lambo
1991,0,Olivier Grouillard,Fondmetal
1991,0,Stefano Modena,Tyrrell
1991,0,Alex Caffi,Footwork
1991,0,Satoru Nakajima,Tyrrell
1991,0,Emanuele Pirro,Dallara
1991,0,Stefan Johansson,Footwork
1991,0,Julian Bailey,Team Lotus
1991,0,Pedro Chaves,Coloni
1991,0,Michael Bartels,Team Lotus
1991,0,Naoki Hattori,Coloni
1992,44,Ayrton Senna,McLaren
1992,25,Nigel Mansell,Williams
1992,6,Michele Alboreto,Footwork
1992,0,Michael Schumacher,Benetton
1992,0,Jean Alesi,Ferrari
1992,0,Mika Häkkinen,Team Lotus
1992,0,Johnny Herbert,Team Lotus
1992,0,Alessandro Zanardi,Minardi
1992,0,Damon Hill,Brabham
1992,0,Gerhard Berger,McLaren
1992,0,Nicola Larini,Ferrari
1992,0,Ukyo Katayama,Larrousse
1992,0,Gianni Morbidelli,Minardi
1992,0,Martin Brundle,Benetton
1992,0,Aguri Suzuki,Footwork
1992,0,Roberto Moreno,Andrea Moda
1992,0,Karl Wendlinger,March
1992,0,Bertrand Gachot,Larrousse
1992,0,Pierluigi Martini,Dallara
1992,0,Gabriele Tarquini,Fondmetal
1992,0,Érik Comas,Ligier
1992,0,Christian Fittipaldi,Minardi
1992,0,Paul Belmondo,March
1992,0,Jyrki Järvilehto,Dallara
1992,0,Andrea de Cesaris,Tyrrell
1992,0,Riccardo Patrese,Williams
1992,0,Ivan Capelli,Ferrari
1992,0,Thierry Boutsen,Ligier
1992,0,Emanuele Naspetti,March
1992,0,Maurício Gugelmin,Jordan
1992,0,Eric van de Poele,Brabham
1992,0,Olivier Grouillard,Tyrrell
1992,0,Andrea Chiesa,Fondmetal
1992,0,Stefano Modena,Jordan
1992,0,Giovanna Amati,Brabham
1992,0,Perry McCarthy,Andrea Moda
1992,0,Jan Lammers,March
1993,79,Alain Prost,Williams
1993,48,Ayrton Senna,McLaren
1993,6,Michele Alboreto,Lola
1993,0,Rubens Barrichello,Jordan
1993,0,Michael Schumacher,Benetton
1993,0,Jean Alesi,Ferrari
1993,0,Eddie Irvine,Jordan
1993,0,Mika Häkkinen,McLaren
1993,0,Johnny Herbert,Team Lotus
1993,0,Luca Badoer,Lola
1993,0,Alessandro Zanardi,Team Lotus
1993,0,Damon Hill,Williams
1993,0,Gerhard Berger,Ferrari
1993,0,Ukyo Katayama,Tyrrell
1993,0,Pedro Lamy,Team Lotus
1993,0,Martin Brundle,Ligier
1993,0,Mark Blundell,Ligier
1993,0,Aguri Suzuki,Footwork
1993,0,Karl Wendlinger,Sauber
1993,0,Pierluigi Martini,Minardi
1993,0,Érik Comas,Larrousse
1993,0,Christian Fittipaldi,Minardi
1993,0,Jyrki Järvilehto,Sauber
1993,0,Andrea de Cesaris,Tyrrell
1993,0,Jean-Marc Gounon,Minardi
1993,0,Philippe Alliot,Larrousse
1993,0,Derek Warwick,Footwork
1993,0,Riccardo Patrese,Benetton
1993,0,Fabrizio Barbazza,Minardi
1993,0,Michael Andretti,McLaren
1993,0,Ivan Capelli,Jordan
1993,0,Thierry Boutsen,Jordan
1993,0,Marco Apicella,Jordan
1993,0,Emanuele Naspetti,Jordan
1993,0,Toshio Suzuki,Larrousse
1994,48,Ayrton Senna,Williams
1994,25,Nigel Mansell,Williams
1994,16,Michael Schumacher,Benetton
1994,6,Michele Alboreto,Minardi
1994,0,David Coulthard,Williams
1994,0,Rubens Barrichello,Jordan
1994,0,Olivier Panis,Ligier
1994,0,Heinz-Harald Frentzen,Sauber
1994,0,Jos Verstappen,Benetton
1994,0,Jean Alesi,Ferrari
1994,0,Eddie Irvine,Jordan
1994,0,Mika Häkkinen,McLaren
1994,0,Mika Salo,Team Lotus
1994,0,Johnny Herbert,Team Lotus
1994,0,Alessandro Zanardi,Team Lotus
1994,0,Damon Hill,Williams
1994,0,Gerhard Berger,Ferrari
1994,0,Nicola Larini,Ferrari
1994,0,Ukyo Katayama,Tyrrell
1994,0,Gianni Morbidelli,Footwork
1994,0,Pedro Lamy,Team Lotus
1994,0,Martin Brundle,McLaren
1994,0,Andrea Montermini,Simtek
1994,0,Mark Blundell,Tyrrell
1994,0,Aguri Suzuki,Jordan
1994,0,Taki Inoue,Simtek
1994,0,Karl Wendlinger,Sauber
1994,0,Bertrand Gachot,Pacific
1994,0,Domenico Schiattarella,Simtek
1994,0,Pierluigi Martini,Minardi
1994,0,Jean-Denis Délétraz,Larrousse
1994,0,Érik Comas,Larrousse
1994,0,David Brabham,Simtek
1994,0,Éric Bernard,Ligier
1994,0,Christian Fittipaldi,Footwork
1994,0,Olivier Beretta,Larrousse
1994,0,Roland Ratzenberger,Simtek
1994,0,Paul Belmondo,Pacific
1994,0,Jyrki Järvilehto,Benetton
1994,0,Andrea de Cesaris,Sauber
1994,0,Jean-Marc Gounon,Simtek
1994,0,Philippe Alliot,Larrousse
1994,0,Philippe Adams,Team Lotus
1994,0,Yannick Dalmas,Larrousse
1994,0,Hideki Noda,Larrousse
1994,0,Franck Lagorce,Ligier
1995,32,Michael Schumacher,Benetton
1995,25,Nigel Mansell,McLaren
1995,1,Damon Hill,Williams
1995,0,David Coulthard,Williams
1995,0,Rubens Barrichello,Jordan
1995,0,Olivier Panis,Ligier
1995,0,Heinz-Harald Frentzen,Sauber
1995,0,Jos Verstappen,Simtek
1995,0,Jean Alesi,Ferrari
1995,0,Eddie Irvine,Jordan
1995,0,Mika Häkkinen,McLaren
1995,0,Mika Salo,Tyrrell
1995,0,Pedro Diniz,Forti
1995,0,Johnny Herbert,Benetton
1995,0,Luca Badoer,Minardi
1995,0,Jan Magnussen,McLaren
1995,0,Gerhard Berger,Ferrari
1995,0,Ukyo Katayama,Tyrrell
1995,0,Gianni Morbidelli,Footwork
1995,0,Pedro Lamy,Minardi
1995,0,Martin Brundle,Ligier
1995,0,Andrea Montermini,Pacific
1995,0,Giovanni Lavaggi,Pacific
1995,0,Mark Blundell,McLaren
1995,0,Aguri Suzuki,Ligier
1995,0,Taki Inoue,Footwork
1995,0,Roberto Moreno,Forti
1995,0,Karl Wendlinger,Sauber
1995,0,Bertrand Gachot,Pacific
1995,0,Domenico Schiattarella,Simtek
1995,0,Pierluigi Martini,Minardi
1995,0,Jean-Christophe Boullion,Sauber
1995,0,Massimiliano Papis,Footwork
1995,0,Jean-Denis Délétraz,Pacific
1995,0,Gabriele Tarquini,Tyrrell
1996,32,Michael Schumacher,Ferrari
1996,17,Damon Hill,Williams
1996,0,David Coulthard,McLaren
1996,0,Giancarlo Fisichella,Minardi
1996,0,Rubens Barrichello,Jordan
1996,0,Jacques Villeneuve,Williams
1996,0,Olivier Panis,Ligier
1996,0,Heinz-Harald Frentzen,Sauber
1996,0,Jos Verstappen,Footwork
1996,0,Jean Alesi,Benetton
1996,0,Eddie Irvine,Ferrari
1996,0,Mika Häkkinen,McLaren
1996,0,Tarso Marques,Minardi
1996,0,Mika Salo,Tyrrell
1996,0,Pedro Diniz,Ligier
1996,0,Johnny Herbert,Sauber
1996,0,Luca Badoer,Forti
1996,0,Ricardo Rosset,Footwork
1996,0,Gerhard Berger,Benetton
1996,0,Ukyo Katayama,Tyrrell
1996,0,Pedro Lamy,Minardi
1996,0,Martin Brundle,Jordan
1996,0,Andrea Montermini,Forti
1996,0,Giovanni Lavaggi,Minardi
1997,42,Michael Schumacher,Ferrari
1997,17,Damon Hill,Arrows
1997,5,Jacques Villeneuve,Williams
1997,2,David Coulthard,McLaren
1997,0,Jarno Trulli,Minardi
1997,0,Giancarlo Fisichella,Jordan
1997,0,Rubens Barrichello,Stewart
1997,0,Ralf Schumacher,Jordan
1997,0,Alexander Wurz,Benetton
1997,0,Olivier Panis,Prost
1997,0,Heinz-Harald Frentzen,Williams
1997,0,Jos Verstappen,Tyrrell
1997,0,Jean Alesi,Benetton
1997,0,Eddie Irvine,Ferrari
1997,0,Mika Häkkinen,McLaren
1997,0,Tarso Marques,Minardi
1997,0,Mika Salo,Tyrrell
1997,0,Pedro Diniz,Arrows
1997,0,Johnny Herbert,Sauber
1997,0,Ricardo Rosset,Lola
1997,0,Shinji Nakano,Prost
1997,0,Jan Magnussen,Stewart
1997,0,Gerhard Berger,Benetton
1997,0,Nicola Larini,Sauber
1997,0,Ukyo Katayama,Minardi
1997,0,Vincenzo Sospiri,Lola
1997,0,Gianni Morbidelli,Sauber
1997,0,Norberto Fontana,Sauber
1998,42,Michael Schumacher,Ferrari
1998,17,Damon Hill,Jordan
1998,16,Mika Häkkinen,McLaren
1998,5,Jacques Villeneuve,Williams
1998,2,David Coulthard,McLaren
1998,0,Jarno Trulli,Prost
1998,0,Giancarlo Fisichella,Benetton
1998,0,Rubens Barrichello,Stewart
1998,0,Ralf Schumacher,Jordan
1998,0,Alexander Wurz,Benetton
1998,0,Olivier Panis,Prost
1998,0,Heinz-Harald Frentzen,Williams
1998,0,Jos Verstappen,Stewart
1998,0,Jean Alesi,Sauber
1998,0,Eddie Irvine,Ferrari
1998,0,Mika Salo,Arrows
1998,0,Pedro Diniz,Arrows
1998,0,Johnny Herbert,Sauber
1998,0,Toranosuke Takagi,Tyrrell
1998,0,Ricardo Rosset,Tyrrell
1998,0,Esteban Tuero,Minardi
1998,0,Shinji Nakano,Minardi
1998,0,Jan Magnussen,Stewart
1999,45,Michael Schumacher,Ferrari
1999,24,Mika Häkkinen,McLaren
1999,17,Damon Hill,Jordan
1999,5,Jacques Villeneuve,BAR
1999,5,Eddie Irvine,Ferrari
1999,2,David Coulthard,McLaren
1999,0,Jarno Trulli,Prost
1999,0,Giancarlo Fisichella,Benetton
1999,0,Rubens Barrichello,Stewart
1999,0,Ralf Schumacher,Williams
1999,0,Alexander Wurz,Benetton
1999,0,Pedro de la Rosa,Arrows
1999,0,Ricardo Zonta,BAR
1999,0,Olivier Panis,Prost
1999,0,Marc Gené,Minardi
1999,0,Heinz-Harald Frentzen,Jordan
1999,0,Jean Alesi,Sauber
1999,0,Mika Salo,Ferrari
1999,0,Pedro Diniz,Sauber
1999,0,Johnny Herbert,Stewart
1999,0,Toranosuke Takagi,Arrows
1999,0,Luca Badoer,Minardi
1999,0,Alessandro Zanardi,Williams
1999,0,Stéphane Sarrazin,Minardi
2000,59,Michael Schumacher,Ferrari
2000,27,Mika Häkkinen,McLaren
2000,5,Jacques Villeneuve,BAR
2000,5,Eddie Irvine,Jaguar
2000,2,David Coulthard,McLaren
2000,0,Nick Heidfeld,Prost
2000,0,Jarno Trulli,Jordan
2000,0,Jenson Button,Williams
2000,0,Giancarlo Fisichella,Benetton
2000,0,Rubens Barrichello,Ferrari
2000,0,Ralf Schumacher,Williams
2000,0,Alexander Wurz,Benetton
2000,0,Pedro de la Rosa,Arrows
2000,0,Ricardo Zonta,BAR
2000,0,Marc Gené,Minardi
2000,0,Heinz-Harald Frentzen,Jordan
2000,0,Jos Verstappen,Arrows
2000,0,Luciano Burti,Jaguar
2000,0,Jean Alesi,Prost
2000,0,Gastón Mazzacane,Minardi
2000,0,Mika Salo,Sauber
2000,0,Pedro Diniz,Sauber
2000,0,Johnny Herbert,Jaguar
2001,76,Michael Schumacher,Ferrari
2001,27,Mika Häkkinen,McLaren
2001,5,Jacques Villeneuve,BAR
2001,5,Eddie Irvine,Jaguar
2001,2,David Coulthard,McLaren
2001,0,Nick Heidfeld,Sauber
2001,0,Fernando Alonso,Minardi
2001,0,Kimi Räikkönen,Sauber
2001,0,Jarno Trulli,Jordan
2001,0,Jenson Button,Benetton
2001,0,Giancarlo Fisichella,Benetton
2001,0,Rubens Barrichello,Ferrari
2001,0,Ralf Schumacher,Williams
2001,0,Juan Pablo Montoya,Williams
2001,0,Pedro de la Rosa,Jaguar
2001,0,Ricardo Zonta,Jordan
2001,0,Olivier Panis,BAR
2001,0,Heinz-Harald Frentzen,Jordan
2001,0,Jos Verstappen,Arrows
2001,0,Luciano Burti,Prost
2001,0,Jean Alesi,Prost
2001,0,Tarso Marques,Minardi
2001,0,Enrique Bernoldi,Arrows
2001,0,Gastón Mazzacane,Prost
2001,0,Tomáš Enge,Prost
2001,0,Alex Yoong,Minardi
2002,93,Michael Schumacher,Ferrari
2002,5,Jacques Villeneuve,BAR
2002,5,Eddie Irvine,Jaguar
2002,2,David Coulthard,McLaren
2002,0,Nick Heidfeld,Sauber
2002,0,Kimi Räikkönen,McLaren
2002,0,Takuma Sato,Jordan
2002,0,Felipe Massa,Sauber
2002,0,Jarno Trulli,Renault
2002,0,Mark Webber,Minardi
2002,0,Jenson Button,Renault
2002,0,Anthony Davidson,Minardi
2002,0,Giancarlo Fisichella,Jordan
2002,0,Rubens Barrichello,Ferrari
2002,0,Ralf Schumacher,Williams
2002,0,Juan Pablo Montoya,Williams
2002,0,Pedro de la Rosa,Jaguar
2002,0,Olivier Panis,BAR
2002,0,Heinz-Harald Frentzen,Arrows
2002,0,Enrique Bernoldi,Arrows
2002,0,Alex Yoong,Minardi
2002,0,Mika Salo,Toyota
2002,0,Allan McNish,Toyota
2003,102,Michael Schumacher,Ferrari
2003,6,Kimi Räikkönen,McLaren
2003,5,Jacques Villeneuve,BAR
2003,3,David Coulthard,McLaren
2003,0,Nick Heidfeld,Sauber
2003,0,Fernando Alonso,Renault
2003,0,Takuma Sato,BAR
2003,0,Jarno Trulli,Renault
2003,0,Mark Webber,Jaguar
2003,0,Jenson Button,BAR
2003,0,Giancarlo Fisichella,Jordan
2003,0,Rubens Barrichello,Ferrari
2003,0,Ralf Schumacher,Williams
2003,0,Juan Pablo Montoya,Williams
2003,0,Antônio Pizzonia,Jaguar
2003,0,Cristiano da Matta,Toyota
2003,0,Olivier Panis,Toyota
2003,0,Zsolt Baumgartner,Jordan
2003,0,Marc Gené,Williams
2003,0,Heinz-Harald Frentzen,Sauber
2003,0,Jos Verstappen,Minardi
2003,0,Justin Wilson,Minardi
2003,0,Ralph Firman,Jordan
2003,0,Nicolas Kiesa,Minardi
2004,120,Michael Schumacher,Ferrari
2004,6,Kimi Räikkönen,McLaren
2004,5,Jacques Villeneuve,Renault
2004,3,David Coulthard,McLaren
2004,0,Nick Heidfeld,Jordan
2004,0,Fernando Alonso,Renault
2004,0,Timo Glock,Jordan
2004,0,Takuma Sato,BAR
2004,0,Felipe Massa,Sauber
2004,0,Jarno Trulli,Renault
2004,0,Mark Webber,Jaguar
2004,0,Jenson Button,BAR
2004,0,Giancarlo Fisichella,Sauber
2004,0,Rubens Barrichello,Ferrari
2004,0,Ralf Schumacher,Williams
2004,0,Juan Pablo Montoya,Williams
2004,0,Christian Klien,Jaguar
2004,0,Ricardo Zonta,Toyota
2004,0,Antônio Pizzonia,Williams
2004,0,Cristiano da Matta,Toyota
2004,0,Olivier Panis,Toyota
2004,0,Giorgio Pantano,Jordan
2004,0,Gianmaria Bruni,Minardi
2004,0,Zsolt Baumgartner,Minardi
2004,0,Marc Gené,Williams
2005,120,Michael Schumacher,Ferrari
2005,18,Fernando Alonso,Renault
2005,6,Kimi Räikkönen,McLaren
2005,5,Jacques Villeneuve,Sauber
2005,3,David Coulthard,Red Bull
2005,1,Giancarlo Fisichella,Renault
2005,0,Nick Heidfeld,Williams
2005,0,Takuma Sato,BAR
2005,0,Felipe Massa,Sauber
2005,0,Jarno Trulli,Toyota
2005,0,Mark Webber,Williams
2005,0,Jenson Button,BAR
2005,0,Anthony Davidson,BAR
2005,0,Rubens Barrichello,Ferrari
2005,0,Ralf Schumacher,Toyota
2005,0,Vitantonio Liuzzi,Red Bull
2005,0,Alexander Wurz,McLaren
2005,0,Christijan Albers,Minardi
2005,0,Juan Pablo Montoya,McLaren
2005,0,Christian Klien,Red Bull
2005,0,Tiago Monteiro,Jordan
2005,0,Pedro de la Rosa,McLaren
2005,0,Robert Doornbos,Minardi
2005,0,Narain Karthikeyan,Jordan
2005,0,Patrick Friesacher,Minardi
2005,0,Ricardo Zonta,Toyota
2005,0,Antônio Pizzonia,Williams
2006,121,Michael Schumacher,Ferrari
2006,35,Fernando Alonso,Renault
2006,6,Kimi Räikkönen,McLaren
2006,5,Jacques Villeneuve,BMW Sauber
2006,3,David Coulthard,Red Bull
2006,1,Giancarlo Fisichella,Renault
2006,0,Nick Heidfeld,BMW Sauber
2006,0,Nico Rosberg,Williams
2006,0,Robert Kubica,BMW Sauber
2006,0,Takuma Sato,Super Aguri
2006,0,Felipe Massa,Ferrari
2006,0,Jarno Trulli,Toyota
2006,0,Mark Webber,Williams
2006,0,Jenson Button,Honda
2006,0,Rubens Barrichello,Honda
2006,0,Ralf Schumacher,Toyota
2006,0,Vitantonio Liuzzi,Toro Rosso
2006,0,Scott Speed,Toro Rosso
2006,0,Christijan Albers,MF1
2006,0,Sakon Yamamoto,Super Aguri
2006,0,Juan Pablo Montoya,McLaren
2006,0,Christian Klien,Red Bull
2006,0,Tiago Monteiro,MF1
2006,0,Yuji Ide,Super Aguri
2006,0,Franck Montagny,Super Aguri
2006,0,Pedro de la Rosa,McLaren
2006,0,Robert Doornbos,Red Bull
2007,38,Fernando Alonso,McLaren
2007,12,Lewis Hamilton,McLaren
2007,8,Kimi Räikkönen,Ferrari
2007,3,David Coulthard,Red Bull
2007,1,Giancarlo Fisichella,Renault
2007,0,Nick Heidfeld,BMW Sauber
2007,0,Nico Rosberg,Williams
2007,0,Heikki Kovalainen,Renault
2007,0,Kazuki Nakajima,Williams
2007,0,Robert Kubica,BMW Sauber
2007,0,Takuma Sato,Super Aguri
2007,0,Felipe Massa,Ferrari
2007,0,Jarno Trulli,Toyota
2007,0,Adrian Sutil,Spyker
2007,0,Mark Webber,Red Bull
2007,0,Jenson Button,Honda
2007,0,Anthony Davidson,Super Aguri
2007,0,Sebastian Vettel,Toro Rosso
2007,0,Rubens Barrichello,Honda
2007,0,Ralf Schumacher,Toyota
2007,0,Vitantonio Liuzzi,Toro Rosso
2007,0,Alexander Wurz,Williams
2007,0,Scott Speed,Toro Rosso
2007,0,Christijan Albers,Spyker
2007,0,Markus Winkelhock,Spyker
2007,0,Sakon Yamamoto,Spyker
2008,38,Fernando Alonso,Renault
2008,25,Lewis Hamilton,McLaren
2008,11,Kimi Räikkönen,Ferrari
2008,3,David Coulthard,Red Bull
2008,1,Robert Kubica,BMW Sauber
2008,1,Felipe Massa,Ferrari
2008,1,Giancarlo Fisichella,Force India
2008,0,Nick Heidfeld,BMW Sauber
2008,0,Nico Rosberg,Williams
2008,0,Heikki Kovalainen,McLaren
2008,0,Kazuki Nakajima,Williams
2008,0,Sébastien Bourdais,Toro Rosso
2008,0,Timo Glock,Toyota
2008,0,Takuma Sato,Super Aguri
2008,0,Nelson Piquet Jr.,Renault
2008,0,Jarno Trulli,Toyota
2008,0,Adrian Sutil,Force India
2008,0,Mark Webber,Red Bull
2008,0,Jenson Button,Honda
2008,0,Anthony Davidson,Super Aguri
2008,0,Sebastian Vettel,Toro Rosso
2008,0,Rubens Barrichello,Honda
2009,38,Fernando Alonso,Renault
2009,25,Lewis Hamilton,McLaren
2009,17,Jenson Button,Brawn
2009,11,Kimi Räikkönen,Ferrari
2009,1,Robert Kubica,BMW Sauber
2009,1,Felipe Massa,Ferrari
2009,1,Giancarlo Fisichella,Force India
2009,0,Nick Heidfeld,BMW Sauber
2009,0,Nico Rosberg,Williams
2009,0,Heikki Kovalainen,McLaren
2009,0,Kazuki Nakajima,Williams
2009,0,Sébastien Bourdais,Toro Rosso
2009,0,Timo Glock,Toyota
2009,0,Nelson Piquet Jr.,Renault
2009,0,Jarno Trulli,Toyota
2009,0,Adrian Sutil,Force India
2009,0,Mark Webber,Red Bull
2009,0,Sebastian Vettel,Red Bull
2009,0,Rubens Barrichello,Brawn
2009,0,Vitantonio Liuzzi,Force India
2009,0,Sébastien Buemi,Toro Rosso
2009,0,Luca Badoer,Ferrari
2009,0,Jaime Alguersuari,Toro Rosso
2009,0,Romain Grosjean,Renault
2009,0,Kamui Kobayashi,Toyota
2010,121,Michael Schumacher,Mercedes
2010,42,Fernando Alonso,Ferrari
2010,30,Lewis Hamilton,McLaren
2010,19,Jenson Button,McLaren
2010,6,Mark Webber,Red Bull
2010,2,Felipe Massa,Ferrari
2010,1,Robert Kubica,Renault
2010,1,Sebastian Vettel,Red Bull
2010,0,Nick Heidfeld,Sauber
2010,0,Nico Rosberg,Mercedes
2010,0,Heikki Kovalainen,Lotus
2010,0,Timo Glock,Virgin
2010,0,Jarno Trulli,Lotus
2010,0,Adrian Sutil,Force India
2010,0,Rubens Barrichello,Williams
2010,0,Vitantonio Liuzzi,Force India
2010,0,Sakon Yamamoto,HRT
2010,0,Christian Klien,HRT
2010,0,Pedro de la Rosa,Sauber
2010,0,Sébastien Buemi,Toro Rosso
2010,0,Jaime Alguersuari,Toro Rosso
2010,0,Kamui Kobayashi,Sauber
2010,0,Nico Hülkenberg,Williams
2010,0,Vitaly Petrov,Renault
2010,0,Lucas di Grassi,Virgin
2010,0,Bruno Senna,HRT
2010,0,Karun Chandhok,HRT
2011,121,Michael Schumacher,Mercedes
2011,42,Fernando Alonso,Ferrari
2011,30,Lewis Hamilton,McLaren
2011,20,Sebastian Vettel,Red Bull
2011,19,Jenson Button,McLaren
2011,6,Mark Webber,Red Bull
2011,2,Felipe Massa,Ferrari
2011,0,Nick Heidfeld,Renault
2011,0,Nico Rosberg,Mercedes
2011,0,Heikki Kovalainen,Lotus
2011,0,Timo Glock,Virgin
2011,0,Jarno Trulli,Lotus
2011,0,Adrian Sutil,Force India
2011,0,Rubens Barrichello,Williams
2011,0,Vitantonio Liuzzi,HRT
2011,0,Pedro de la Rosa,Sauber
2011,0,Narain Karthikeyan,HRT
2011,0,Sébastien Buemi,Toro Rosso
2011,0,Jaime Alguersuari,Toro Rosso
2011,0,Kamui Kobayashi,Sauber
2011,0,Vitaly Petrov,Renault
2011,0,Bruno Senna,Renault
2011,0,Karun Chandhok,Lotus
2011,0,Pastor Maldonado,Williams
2011,0,Paul di Resta,Force India
2011,0,Sergio Pérez,Sauber
2011,0,Jérôme d'Ambrosio,Virgin
2011,0,Daniel Ricciardo,HRT
2012,121,Michael Schumacher,Mercedes
2012,52,Fernando Alonso,Ferrari
2012,32,Lewis Hamilton,McLaren
2012,27,Sebastian Vettel,Red Bull
2012,20,Jenson Button,McLaren
2012,11,Kimi Räikkönen,Lotus F1
2012,6,Mark Webber,Red Bull
2012,2,Felipe Massa,Ferrari
2012,0,Nico Rosberg,Mercedes
2012,0,Heikki Kovalainen,Caterham
2012,0,Timo Glock,Marussia
2012,0,Pedro de la Rosa,HRT
2012,0,Narain Karthikeyan,HRT
2012,0,Romain Grosjean,Lotus F1
2012,0,Kamui Kobayashi,Sauber
2012,0,Nico Hülkenberg,Force India
2012,0,Vitaly Petrov,Caterham
2012,0,Bruno Senna,Williams
2012,0,Pastor Maldonado,Williams
2012,0,Paul di Resta,Force India
2012,0,Sergio Pérez,Sauber
2012,0,Jérôme d'Ambrosio,Lotus F1
2012,0,Daniel Ricciardo,Toro Rosso
2012,0,Jean-Éric Vergne,Toro Rosso
2012,0,Charles Pic,Marussia
2013,52,Fernando Alonso,Ferrari
2013,45,Sebastian Vettel,Red Bull
2013,32,Lewis Hamilton,Mercedes
2013,20,Jenson Button,McLaren
2013,12,Kimi Räikkönen,Lotus F1
2013,6,Mark Webber,Red Bull
2013,2,Felipe Massa,Ferrari
2013,0,Nico Rosberg,Mercedes
2013,0,Heikki Kovalainen,Lotus F1
2013,0,Adrian Sutil,Force India
2013,0,Romain Grosjean,Lotus F1
2013,0,Nico Hülkenberg,Sauber
2013,0,Pastor Maldonado,Williams
2013,0,Paul di Resta,Force India
2013,0,Sergio Pérez,McLaren
2013,0,Daniel Ricciardo,Toro Rosso
2013,0,Jean-Éric Vergne,Toro Rosso
2013,0,Charles Pic,Caterham
2013,0,Max Chilton,Marussia
2013,0,Esteban Gutiérrez,Sauber
2013,0,Valtteri Bottas,Williams
2013,0,Giedo van der Garde,Caterham
2013,0,Jules Bianchi,Marussia
2014,52,Fernando Alonso,Ferrari
2014,45,Sebastian Vettel,Red Bull
2014,39,Lewis Hamilton,Mercedes
2014,20,Jenson Button,McLaren
2014,12,Nico Rosberg,Mercedes
2014,12,Kimi Räikkönen,Ferrari
2014,2,Felipe Massa,Williams
2014,0,Adrian Sutil,Sauber
2014,0,Romain Grosjean,Lotus F1
2014,0,Kamui Kobayashi,Caterham
2014,0,Nico Hülkenberg,Force India
2014,0,Pastor Maldonado,Lotus F1
2014,0,Sergio Pérez,Force India
2014,0,Daniel Ricciardo,Red Bull
2014,0,Jean-Éric Vergne,Toro Rosso
2014,0,Max Chilton,Marussia
2014,0,Esteban Gutiérrez,Sauber
2014,0,Valtteri Bottas,Williams
2014,0,Jules Bianchi,Marussia
2014,0,Kevin Magnussen,McLaren
2014,0,Daniil Kvyat,Toro Rosso
2014,0,André Lotterer,Caterham
2014,0,Marcus Ericsson,Caterham
2014,0,Will Stevens,Caterham
2015,58,Lewis Hamilton,Mercedes
2015,52,Fernando Alonso,McLaren
2015,45,Sebastian Vettel,Ferrari
2015,20,Jenson Button,McLaren
2015,12,Nico Rosberg,Mercedes
2015,12,Kimi Räikkönen,Ferrari
2015,2,Felipe Massa,Williams
2015,0,Romain Grosjean,Lotus F1
2015,0,Nico Hülkenberg,Force India
2015,0,Pastor Maldonado,Lotus F1
2015,0,Sergio Pérez,Force India
2015,0,Daniel Ricciardo,Red Bull
2015,0,Valtteri Bottas,Williams
2015,0,Kevin Magnussen,McLaren
2015,0,Daniil Kvyat,Red Bull
2015,0,Marcus Ericsson,Sauber
2015,0,Will Stevens,Manor Marussia
2015,0,Max Verstappen,Toro Rosso
2015,0,Felipe Nasr,Sauber
2015,0,Carlos Sainz,Toro Rosso
2015,0,Roberto Merhi,Manor Marussia
2015,0,Alexander Rossi,Manor Marussia
2016,62,Lewis Hamilton,Mercedes
2016,52,Fernando Alonso,McLaren
2016,45,Sebastian Vettel,Ferrari
2016,29,Nico Rosberg,Mercedes
2016,20,Jenson Button,McLaren
2016,12,Kimi Räikkönen,Ferrari
2016,2,Felipe Massa,Williams
2016,0,Romain Grosjean,Haas F1 Team
2016,0,Nico Hülkenberg,Force India
2016,0,Sergio Pérez,Force India
2016,0,Daniel Ricciardo,Red Bull
2016,0,Esteban Gutiérrez,Haas F1 Team
2016,0,Valtteri Bottas,Williams
2016,0,Kevin Magnussen,Renault
2016,0,Daniil Kvyat,Toro Rosso
2016,0,Marcus Ericsson,Sauber
2016,0,Max Verstappen,Red Bull
2016,0,Felipe Nasr,Sauber
2016,0,Carlos Sainz,Toro Rosso
2016,0,Jolyon Palmer,Renault
2016,0,Pascal Wehrlein,Manor Marussia
2016,0,Rio Haryanto,Manor Marussia
2016,0,Stoffel Vandoorne,McLaren
2016,0,Esteban Ocon,Manor Marussia
2017,70,Lewis Hamilton,Mercedes
2017,57,Sebastian Vettel,Ferrari
2017,52,Fernando Alonso,McLaren
2017,20,Jenson Button,McLaren
2017,12,Kimi Räikkönen,Ferrari
2017,2,Felipe Massa,Williams
2017,0,Romain Grosjean,Haas F1 Team
2017,0,Nico Hülkenberg,Renault
2017,0,Paul di Resta,Williams
2017,0,Sergio Pérez,Force India
2017,0,Daniel Ricciardo,Red Bull
2017,0,Valtteri Bottas,Mercedes
2017,0,Kevin Magnussen,Haas F1 Team
2017,0,Daniil Kvyat,Toro Rosso
2017,0,Marcus Ericsson,Sauber
2017,0,Max Verstappen,Red Bull
2017,0,Carlos Sainz,Toro Rosso
2017,0,Jolyon Palmer,Renault
2017,0,Pascal Wehrlein,Sauber
2017,0,Stoffel Vandoorne,McLaren
2017,0,Esteban Ocon,Force India
2017,0,Lance Stroll,Williams
2017,0,Antonio Giovinazzi,Sauber
2017,0,Pierre Gasly,Toro Rosso
2017,0,Brendon Hartley,Toro Rosso
2018,85,Lewis Hamilton,Mercedes
2018,63,Sebastian Vettel,Ferrari
2018,52,Fernando Alonso,McLaren
2018,12,Kimi Räikkönen,Ferrari
2018,0,Romain Grosjean,Haas F1 Team
2018,0,Nico Hülkenberg,Renault
2018,0,Sergio Pérez,Force India
2018,0,Daniel Ricciardo,Red Bull
2018,0,Valtteri Bottas,Mercedes
2018,0,Kevin Magnussen,Haas F1 Team
2018,0,Marcus Ericsson,Sauber
2018,0,Max Verstappen,Red Bull
2018,0,Carlos Sainz,Renault
2018,0,Stoffel Vandoorne,McLaren
2018,0,Esteban Ocon,Force India
2018,0,Lance Stroll,Williams
2018,0,Pierre Gasly,Toro Rosso
2018,0,Brendon Hartley,Toro Rosso
2018,0,Charles Leclerc,Sauber
2018,0,Sergey Sirotkin,Williams
2019,103,Lewis Hamilton,Mercedes
2019,63,Sebastian Vettel,Ferrari
2019,12,Kimi Räikkönen,Alfa Romeo
2019,3,Valtteri Bottas,Mercedes
2019,1,Robert Kubica,Williams
2019,0,Romain Grosjean,Haas F1 Team
2019,0,Nico Hülkenberg,Renault
2019,0,Sergio Pérez,Racing Point
2019,0,Daniel Ricciardo,Renault
2019,0,Kevin Magnussen,Haas F1 Team
2019,0,Daniil Kvyat,Toro Rosso
2019,0,Max Verstappen,Red Bull
2019,0,Carlos Sainz,McLaren
2019,0,Lance Stroll,Racing Point
2019,0,Antonio Giovinazzi,Alfa Romeo
2019,0,Pierre Gasly,Red Bull
2019,0,Charles Leclerc,Ferrari
2019,0,Lando Norris,McLaren
2019,0,George Russell,Williams
2019,0,Alexander Albon,Toro Rosso
2020,118,Lewis Hamilton,Mercedes
2020,63,Sebastian Vettel,Ferrari
2020,12,Kimi Räikkönen,Alfa Romeo
2020,5,Valtteri Bottas,Mercedes
2020,0,Romain Grosjean,Haas F1 Team
2020,0,Nico Hülkenberg,Racing Point
2020,0,Sergio Pérez,Racing Point
2020,0,Daniel Ricciardo,Renault
2020,0,Kevin Magnussen,Haas F1 Team
2020,0,Daniil Kvyat,AlphaTauri
2020,0,Max Verstappen,Red Bull
2020,0,Carlos Sainz,McLaren
2020,0,Esteban Ocon,Renault
2020,0,Lance Stroll,Racing Point
2020,0,Antonio Giovinazzi,Alfa Romeo
2020,0,Pierre Gasly,AlphaTauri
2020,0,Charles Leclerc,Ferrari
2020,0,Lando Norris,McLaren
2020,0,George Russell,Williams
2020,0,Alexander Albon,Red Bull
2020,0,Nicholas Latifi,Williams
2020,0,Pietro Fittipaldi,Haas F1 Team
2020,0,Jack Aitken,Williams
2021,125,Lewis Hamilton,Mercedes
2021,63,Sebastian Vettel,Aston Martin
2021,52,Fernando Alonso,Alpine F1 Team
2021,15,Max Verstappen,Red Bull
2021,12,Kimi Räikkönen,Alfa Romeo
2021,5,Valtteri Bottas,Mercedes
2021,1,Robert Kubica,Alfa Romeo
2021,0,Sergio Pérez,Red Bull
2021,0,Daniel Ricciardo,McLaren
2021,0,Carlos Sainz,Ferrari
2021,0,Esteban Ocon,Alpine F1 Team
2021,0,Lance Stroll,Aston Martin
2021,0,Antonio Giovinazzi,Alfa Romeo
2021,0,Pierre Gasly,AlphaTauri
2021,0,Charles Leclerc,Ferrari
2021,0,Lando Norris,McLaren
2021,0,George Russell,Williams
2021,0,Nicholas Latifi,Williams
2021,0,Yuki Tsunoda,AlphaTauri
2021,0,Nikita Mazepin,Haas F1 Team
2021,0,Mick Schumacher,Haas F1 Team
2022,125,Lewis Hamilton,Mercedes
2022,63,Sebastian Vettel,Aston Martin
2022,52,Fernando Alonso,Alpine F1 Team
2022,32,Max Verstappen,Red Bull
2022,5,Valtteri Bottas,Alfa Romeo
2022,5,Charles Leclerc,Ferrari
2022,0,Nico Hülkenberg,Aston Martin
2022,0,Sergio Pérez,Red Bull
2022,0,Daniel Ricciardo,McLaren
2022,0,Kevin Magnussen,Haas F1 Team
2022,0,Carlos Sainz,Ferrari
2022,0,Esteban Ocon,Alpine F1 Team
2022,0,Lance Stroll,Aston Martin
2022,0,Pierre Gasly,AlphaTauri
2022,0,Lando Norris,McLaren
2022,0,George Russell,Mercedes
2022,0,Alexander Albon,Williams
2022,0,Nicholas Latifi,Williams
2022,0,Yuki Tsunoda,AlphaTauri
2022,0,Mick Schumacher,Haas F1 Team
2022,0,Guanyu Zhou,Alfa Romeo
2022,0,Nyck de Vries,Williams
2023,125,Lewis Hamilton,Mercedes
2023,52,Fernando Alonso,Aston Martin
2023,44,Max Verstappen,Red Bull
2023,5,Valtteri Bottas,Alfa Romeo
2023,5,Charles Leclerc,Ferrari
2023,0,Nico Hülkenberg,Haas F1 Team
2023,0,Sergio Pérez,Red Bull
2023,0,Daniel Ricciardo,AlphaTauri
2023,0,Kevin Magnussen,Haas F1 Team
2023,0,Carlos Sainz,Ferrari
2023,0,Esteban Ocon,Alpine F1 Team
2023,0,Lance Stroll,Aston Martin
2023,0,Pierre Gasly,Alpine F1 Team
2023,0,Lando Norris,McLaren
2023,0,George Russell,Mercedes
2023,0,Alexander Albon,Williams
2023,0,Yuki Tsunoda,AlphaTauri
2023,0,Guanyu Zhou,Alfa Romeo
2023,0,Nyck de Vries,AlphaTauri
2023,0,Oscar Piastri,McLaren
2023,0,Logan Sargeant,Williams
